Time,Ballyfermot,Blanchardstown,Davitt Road,St John's Road,Swords
1/5/19 00:00,19.69875,55.4625,53.1675,51.44625,31.365
1/5/19 01:00,17.40375,18.7425,25.05375,28.6875,16.63875
1/5/19 02:00,5.16375,9.37125,16.065,10.90125,3.4425
1/5/19 03:00,2.86875,4.01625,18.55125,23.90625,0.19125
1/5/19 04:00,3.63375,3.63375,13.19625,22.75875,0.3825
1/5/19 05:00,4.2075,4.59,24.67125,43.03125,4.39875
1/5/19 06:00,4.01625,8.0325,40.73625,63.68625,8.98875
1/5/19 07:00,5.7375,13.19625,45.32625,70.38,14.72625
1/5/19 08:00,6.31125,15.49125,37.485,66.74625,12.81375
1/5/19 09:00,5.92875,8.60625,28.305,58.14,10.13625
1/5/19 10:00,4.01625,7.07625,28.87875,42.075,3.25125
1/5/19 11:00,1.33875,10.51875,21.99375,57.7575,3.63375
1/5/19 12:00,1.33875,9.75375,20.46375,47.23875,3.06
1/5/19 13:00,1.1475,10.71,24.8625,54.12375,4.01625
1/5/19 14:00,0.95625,9.5625,22.37625,45.135,4.9725
1/5/19 15:00,0.95625,7.84125,19.5075,55.65375,3.06
1/5/19 16:00,1.1475,16.25625,18.93375,66.36375,4.78125
1/5/19 17:00,1.72125,8.0325,20.08125,67.7025,4.9725
1/5/19 18:00,1.72125,8.0325,22.185,67.12875,5.7375
1/5/19 19:00,1.72125,11.475,16.25625,52.59375,2.10375
1/5/19 20:00,3.4425,17.02125,18.93375,46.09125,4.39875
1/5/19 21:00,4.2075,35.5725,18.36,42.075,5.7375
1/5/19 22:00,5.16375,16.25625,16.065,41.6925,2.6775
1/5/19 23:00,5.54625,10.51875,10.13625,41.50125,0.765
2/5/19 00:00,2.86875,5.16375,8.7975,25.81875,-0.57375
2/5/19 01:00,1.72125,2.295,4.01625,11.28375,-1.72125
2/5/19 02:00,0.95625,2.10375,2.48625,9.945,-2.10375
2/5/19 03:00,0.95625,4.01625,4.2075,10.51875,-2.10375
2/5/19 04:00,1.72125,1.72125,5.7375,10.71,-2.10375
2/5/19 05:00,2.48625,2.10375,17.40375,27.73125,1.72125
2/5/19 06:00,2.48625,4.59,31.7475,43.605,4.01625
2/5/19 07:00,2.6775,11.28375,34.23375,54.88875,7.84125
2/5/19 08:00,3.06,11.66625,30.9825,44.17875,9.37125
2/5/19 09:00,2.6775,10.3275,30.2175,47.43,6.69375
2/5/19 10:00,2.10375,14.535,25.245,39.97125,1.9125
2/5/19 11:00,1.53,10.90125,23.3325,43.605,3.25125
2/5/19 12:00,1.72125,8.22375,22.185,43.03125,2.295
2/5/19 13:00,1.72125,8.22375,28.305,68.4675,2.86875
2/5/19 14:00,1.53,7.84125,24.67125,67.51125,5.16375
2/5/19 15:00,1.9125,10.90125,22.5675,60.435,6.5025
2/5/19 16:00,1.9125,40.545,22.95,79.1775,7.2675
2/5/19 17:00,4.01625,27.1575,19.69875,74.39625,8.98875
2/5/19 18:00,2.48625,56.61,26.775,77.45625,5.355
2/5/19 19:00,4.39875,60.8175,32.32125,45.135,6.12
2/5/19 20:00,6.885,74.205,38.25,40.9275,11.8575
2/5/19 21:00,9.945,87.01875,56.80125,68.85,22.37625
2/5/19 22:00,13.3875,89.1225,60.435,74.5875,22.5675
2/5/19 23:00,13.96125,65.21625,40.545,74.01375,12.43125
3/5/19 00:00,8.98875,47.8125,25.05375,59.47875,5.355
3/5/19 01:00,5.16375,39.3975,19.5075,49.3425,7.65
3/5/19 02:00,5.355,14.535,22.75875,43.41375,7.2675
3/5/19 03:00,5.7375,6.31125,22.185,51.06375,3.825
3/5/19 04:00,5.16375,6.69375,15.87375,34.425,1.72125
3/5/19 05:00,3.4425,7.07625,32.895,45.70875,8.0325
3/5/19 06:00,3.825,9.75375,34.61625,72.10125,3.825
3/5/19 07:00,3.825,43.605,44.56125,68.085,12.24
3/5/19 08:00,7.2675,42.4575,29.64375,60.8175,10.71
3/5/19 09:00,4.59,45.135,28.49625,78.60375,6.885
3/5/19 10:00,3.25125,43.9875,22.75875,47.43,-0.19125
3/5/19 11:00,1.72125,40.1625,18.16875,53.55,1.53
3/5/19 12:00,1.53,35.76375,20.84625,44.94375,1.53
3/5/19 13:00,1.53,51.6375,19.89,49.53375,5.92875
3/5/19 14:00,2.295,50.29875,23.90625,55.08,4.2075
3/5/19 15:00,2.48625,57.7575,25.245,82.04625,3.06
3/5/19 16:00,3.25125,78.03,28.49625,72.86625,4.2075
3/5/19 17:00,3.4425,59.86125,26.3925,78.795,3.4425
3/5/19 18:00,2.6775,60.8175,23.715,72.675,1.72125
3/5/19 19:00,2.86875,63.1125,21.99375,51.6375,0.57375
3/5/19 20:00,2.86875,53.9325,26.01,66.9375,-0.3825
3/5/19 21:00,2.86875,35.38125,22.37625,50.49,-0.3825
3/5/19 22:00,2.86875,29.07,13.3875,31.93875,2.6775
3/5/19 23:00,1.9125,18.36,10.3275,35.38125,3.63375
4/5/19 00:00,1.33875,13.005,8.60625,31.365,0.19125
4/5/19 01:00,1.1475,10.3275,4.78125,13.77,-0.765
4/5/19 02:00,0.57375,7.2675,4.2075,23.52375,-0.57375
4/5/19 03:00,0.3825,5.54625,4.59,15.10875,-1.1475
4/5/19 04:00,0.3825,6.69375,5.355,12.6225,1.72125
4/5/19 05:00,0.3825,12.43125,11.28375,14.34375,4.39875
4/5/19 06:00,1.1475,16.4475,22.95,19.125,0
4/5/19 07:00,1.9125,23.90625,19.69875,21.61125,-0.19125
4/5/19 08:00,2.6775,23.3325,17.595,17.9775,-0.57375
4/5/19 09:00,2.86875,19.69875,15.87375,12.81375,-0.19125
4/5/19 10:00,1.53,20.46375,14.535,16.065,-0.765
4/5/19 11:00,0.765,25.43625,11.475,27.73125,-1.33875
4/5/19 12:00,0.57375,23.3325,12.6225,26.20125,-2.48625
4/5/19 13:00,0.57375,26.20125,12.24,23.52375,-1.9125
4/5/19 14:00,0.57375,26.58375,11.66625,16.4475,-1.72125
4/5/19 15:00,0.765,26.20125,10.51875,10.90125,-1.33875
4/5/19 16:00,0.95625,26.01,10.13625,17.78625,-1.33875
4/5/19 17:00,0.765,37.1025,11.8575,22.75875,0.19125
4/5/19 18:00,1.1475,47.23875,16.63875,21.42,3.825
4/5/19 19:00,1.9125,58.905,31.17375,18.55125,2.295
4/5/19 20:00,2.295,69.615,26.96625,20.46375,6.5025
4/5/19 21:00,3.825,70.38,21.0375,34.0425,17.9775
4/5/19 22:00,4.2075,74.01375,40.73625,53.9325,29.07
4/5/19 23:00,7.84125,68.27625,56.41875,47.0475,10.71
5/5/19 00:00,12.81375,34.61625,46.09125,50.8725,6.31125
5/5/19 01:00,9.37125,25.05375,25.81875,40.73625,5.7375
5/5/19 02:00,3.63375,27.9225,21.8025,41.31,4.2075
5/5/19 03:00,3.4425,33.85125,23.715,40.73625,1.33875
5/5/19 04:00,2.86875,32.895,17.78625,27.34875,1.1475
5/5/19 05:00,3.06,14.9175,18.36,22.5675,0.57375
5/5/19 06:00,3.825,7.65,23.715,19.5075,6.31125
5/5/19 07:00,5.16375,6.31125,15.49125,22.75875,1.72125
5/5/19 08:00,1.9125,9.945,12.43125,16.63875,1.1475
5/5/19 09:00,1.72125,17.02125,11.0925,17.2125,0
5/5/19 10:00,0.95625,29.07,8.0325,16.4475,-1.53
5/5/19 11:00,0.57375,36.14625,11.28375,20.655,-1.53
5/5/19 12:00,0.57375,36.91125,10.51875,8.98875,-1.53
5/5/19 13:00,0.3825,38.6325,13.77,15.49125,-0.95625
5/5/19 14:00,0.57375,29.07,9.5625,23.715,-0.765
5/5/19 15:00,0.57375,36.14625,12.04875,16.065,-1.1475
5/5/19 16:00,0.765,29.07,9.945,25.05375,-1.53
5/5/19 17:00,1.1475,34.99875,10.71,26.96625,-0.3825
5/5/19 18:00,0.95625,37.67625,10.51875,27.9225,4.2075
5/5/19 19:00,0.95625,48.38625,27.54,38.6325,6.5025
5/5/19 20:00,1.33875,65.98125,39.97125,60.8175,14.535
5/5/19 21:00,11.28375,77.45625,44.94375,52.59375,18.93375
5/5/19 22:00,16.065,69.04125,45.135,73.44,29.835
5/5/19 23:00,13.77,48.00375,59.2875,72.10125,30.2175
6/5/19 00:00,11.0925,53.1675,56.41875,59.47875,19.5075
6/5/19 01:00,10.51875,17.9775,33.85125,28.6875,6.69375
6/5/19 02:00,3.4425,33.46875,15.87375,17.78625,3.825
6/5/19 03:00,2.86875,35.19,16.83,26.775,3.825
6/5/19 04:00,2.48625,38.05875,19.69875,30.6,4.2075
6/5/19 05:00,3.4425,43.9875,44.94375,36.3375,8.60625
6/5/19 06:00,5.7375,39.78,47.62125,51.82875,10.90125
6/5/19 07:00,5.16375,41.11875,28.6875,62.53875,7.65
6/5/19 08:00,4.9725,30.79125,21.61125,43.9875,-0.19125
6/5/19 09:00,3.4425,36.52875,26.58375,46.85625,-1.33875
6/5/19 10:00,2.48625,32.70375,17.2125,29.4525,-0.3825
6/5/19 11:00,1.53,27.34875,13.57875,26.96625,-0.765
6/5/19 12:00,0.765,27.1575,11.0925,33.85125,-0.19125
6/5/19 13:00,0.19125,19.69875,15.49125,36.14625,-0.95625
6/5/19 14:00,0.3825,40.73625,17.595,26.96625,0.95625
6/5/19 15:00,1.72125,16.065,14.1525,18.55125,4.2075
6/5/19 16:00,3.4425,12.04875,11.475,8.0325,6.885
6/5/19 17:00,2.6775,26.3925,14.9175,15.10875,10.13625
6/5/19 18:00,1.9125,62.15625,12.6225,6.5025,9.18
6/5/19 19:00,2.86875,67.12875,13.57875,4.9725,16.25625
6/5/19 20:00,3.25125,69.2325,15.3,8.7975,18.93375
6/5/19 21:00,3.825,80.51625,23.14125,12.04875,19.5075
6/5/19 22:00,4.01625,79.9425,15.3,23.715,21.0375
6/5/19 23:00,4.9725,66.1725,21.61125,26.01,15.6825
7/5/19 00:00,3.825,50.68125,27.54,51.6375,12.6225
7/5/19 01:00,5.16375,39.78,31.7475,34.0425,17.40375
7/5/19 02:00,6.12,35.76375,29.07,44.37,15.87375
7/5/19 03:00,3.63375,32.32125,32.5125,64.06875,15.3
7/5/19 04:00,2.86875,39.3975,25.81875,60.8175,11.8575
7/5/19 05:00,1.53,13.005,40.73625,53.35875,16.065
7/5/19 06:00,2.10375,56.41875,31.93875,83.57625,30.9825
7/5/19 07:00,8.22375,100.215,35.76375,57.375,50.1075
7/5/19 08:00,8.22375,99.8325,40.35375,38.44125,60.62625
7/5/19 09:00,5.7375,76.1175,43.605,33.2775,39.20625
7/5/19 10:00,4.39875,71.71875,34.23375,35.19,11.0925
7/5/19 11:00,4.01625,82.2375,37.485,35.955,5.16375
7/5/19 12:00,4.78125,50.68125,36.52875,19.125,8.0325
7/5/19 13:00,3.825,61.00875,17.595,16.4475,9.945
7/5/19 14:00,2.6775,49.3425,12.43125,8.60625,11.475
7/5/19 15:00,3.63375,42.84,12.24,10.13625,14.1525
7/5/19 16:00,2.10375,53.74125,11.8575,9.75375,14.72625
7/5/19 17:00,1.33875,73.63125,13.57875,11.66625,14.1525
7/5/19 18:00,1.9125,70.18875,12.6225,14.9175,7.45875
7/5/19 19:00,1.9125,60.0525,13.57875,9.75375,8.7975
7/5/19 20:00,2.6775,33.46875,11.28375,9.5625,6.12
7/5/19 21:00,1.53,44.17875,14.34375,20.08125,5.16375
7/5/19 22:00,2.295,48.96,27.1575,45.32625,3.06
7/5/19 23:00,4.9725,26.96625,29.835,26.20125,3.825
8/5/19 00:00,3.63375,15.10875,23.3325,19.69875,2.295
8/5/19 01:00,2.6775,12.43125,22.95,13.77,4.39875
8/5/19 02:00,3.63375,8.7975,6.885,19.31625,4.59
8/5/19 03:00,1.33875,8.98875,5.355,10.3275,4.39875
8/5/19 04:00,0.3825,12.6225,17.02125,21.99375,4.9725
8/5/19 05:00,2.6775,20.46375,27.1575,36.91125,7.07625
8/5/19 06:00,6.5025,39.3975,22.5675,46.665,6.885
8/5/19 07:00,3.825,44.37,35.19,57.375,11.28375
8/5/19 08:00,4.39875,37.67625,34.425,48.38625,20.655
8/5/19 09:00,4.9725,42.4575,39.015,43.9875,15.6825
8/5/19 10:00,3.06,37.67625,35.5725,37.485,11.66625
8/5/19 11:00,2.6775,40.1625,40.35375,33.2775,11.28375
8/5/19 12:00,2.6775,36.72,37.8675,37.29375,10.51875
8/5/19 13:00,2.86875,33.85125,40.35375,45.70875,9.945
8/5/19 14:00,2.86875,33.2775,39.20625,41.6925,10.3275
8/5/19 15:00,3.4425,38.05875,36.3375,38.25,14.34375
8/5/19 16:00,3.25125,39.20625,0,42.64875,11.28375
8/5/19 17:00,4.01625,38.25,0,63.1125,7.84125
8/5/19 18:00,4.01625,32.13,29.835,83.385,6.885
8/5/19 19:00,4.01625,30.40875,26.01,62.73,6.31125
8/5/19 20:00,3.825,27.9225,22.185,48.195,5.7375
8/5/19 21:00,3.63375,26.3925,20.84625,51.06375,4.78125
8/5/19 22:00,3.4425,23.52375,22.185,70.38,3.06
8/5/19 23:00,2.6775,26.96625,16.83,53.74125,1.72125
9/5/19 00:00,2.295,14.1525,8.98875,69.42375,1.1475
9/5/19 01:00,2.48625,13.19625,7.84125,32.32125,1.1475
9/5/19 02:00,1.72125,11.475,6.69375,59.47875,0.3825
9/5/19 03:00,0.95625,10.51875,7.45875,58.905,-0.3825
9/5/19 04:00,1.1475,9.75375,6.69375,17.2125,-0.95625
9/5/19 05:00,1.33875,24.67125,26.01,67.32,0
9/5/19 06:00,2.295,46.2825,37.29375,77.265,1.9125
9/5/19 07:00,4.78125,49.91625,43.2225,74.39625,4.39875
9/5/19 08:00,8.22375,56.2275,36.91125,73.8225,20.84625
9/5/19 09:00,5.7375,52.4025,38.82375,69.615,12.81375
9/5/19 10:00,5.54625,56.03625,29.64375,54.88875,10.13625
9/5/19 11:00,4.01625,56.03625,28.87875,61.2,7.84125
9/5/19 12:00,2.86875,89.1225,31.93875,50.1075,14.1525
9/5/19 13:00,4.9725,84.15,44.94375,69.80625,20.655
9/5/19 14:00,6.12,93.33,62.3475,54.12375,13.005
9/5/19 15:00,6.5025,77.6475,41.31,51.82875,17.78625
9/5/19 16:00,7.65,74.39625,47.0475,86.25375,21.8025
9/5/19 17:00,8.98875,94.095,56.03625,66.74625,20.08125
9/5/19 18:00,7.2675,71.71875,39.015,48.5775,10.90125
9/5/19 19:00,7.65,70.95375,23.14125,28.49625,11.8575
9/5/19 20:00,5.7375,79.36875,20.655,27.9225,14.1525
9/5/19 21:00,6.885,72.675,21.99375,11.66625,14.34375
9/5/19 22:00,8.415,50.68125,19.31625,10.13625,12.81375
9/5/19 23:00,5.7375,44.56125,16.065,20.655,10.51875
10/5/19 00:00,4.39875,37.1025,11.8575,5.7375,11.8575
10/5/19 01:00,3.63375,38.6325,16.83,6.12,16.4475
10/5/19 02:00,4.01625,34.61625,16.63875,23.52375,14.34375
10/5/19 03:00,5.54625,32.70375,25.6275,43.9875,16.4475
10/5/19 04:00,7.07625,26.01,32.895,35.955,18.55125
10/5/19 05:00,8.22375,42.26625,35.76375,50.68125,17.40375
10/5/19 06:00,5.16375,23.3325,45.5175,69.2325,21.8025
10/5/19 07:00,8.22375,21.61125,47.0475,74.77875,30.02625
10/5/19 08:00,7.65,16.25625,56.61,77.45625,23.14125
10/5/19 09:00,6.885,16.83,40.9275,59.2875,13.005
10/5/19 10:00,3.825,21.0375,37.1025,58.33125,7.65
10/5/19 11:00,2.6775,20.84625,27.9225,55.65375,4.2075
10/5/19 12:00,2.10375,13.77,30.2175,33.46875,4.01625
10/5/19 13:00,2.10375,48.96,34.8075,24.28875,11.475
10/5/19 14:00,5.54625,84.15,30.40875,0,9.37125
10/5/19 15:00,6.31125,62.53875,22.95,31.55625,8.22375
10/5/19 16:00,5.92875,62.92125,17.02125,27.73125,8.0325
10/5/19 17:00,6.12,62.92125,19.5075,30.9825,17.2125
10/5/19 18:00,6.885,73.8225,23.3325,43.79625,16.83
10/5/19 19:00,3.825,81.4725,22.37625,61.77375,15.3
10/5/19 20:00,8.415,101.3625,37.67625,42.075,16.25625
10/5/19 21:00,13.96125,92.37375,69.42375,87.78375,31.365
10/5/19 22:00,15.10875,82.42875,77.265,97.72875,42.4575
10/5/19 23:00,14.1525,52.02,74.97,74.77875,24.28875
11/5/19 00:00,15.10875,51.6375,61.5825,70.18875,12.43125
11/5/19 01:00,13.96125,36.91125,60.24375,65.59875,6.12
11/5/19 02:00,10.71,42.84,56.41875,61.5825,8.22375
11/5/19 03:00,11.0925,37.29375,40.35375,55.08,4.39875
11/5/19 04:00,9.37125,26.96625,25.05375,41.50125,3.25125
11/5/19 05:00,5.16375,24.8625,24.67125,40.9275,4.9725
11/5/19 06:00,3.825,17.2125,36.72,57.94875,16.83
11/5/19 07:00,4.39875,21.42,37.485,66.9375,9.37125
11/5/19 08:00,4.39875,27.34875,28.305,67.12875,2.295
11/5/19 09:00,3.25125,37.8675,28.87875,61.965,0.765
11/5/19 10:00,2.6775,41.50125,15.49125,43.41375,-0.3825
11/5/19 11:00,1.72125,38.6325,12.24,31.93875,0
11/5/19 12:00,0.95625,38.82375,16.065,49.53375,-0.57375
11/5/19 13:00,0.765,32.5125,11.8575,47.23875,-1.1475
11/5/19 14:00,0.57375,35.38125,12.24,49.91625,-1.53
11/5/19 15:00,0.765,37.29375,11.0925,53.74125,-1.72125
11/5/19 16:00,0.57375,38.6325,11.475,57.18375,-1.72125
11/5/19 17:00,0.765,52.21125,10.90125,53.74125,-0.19125
11/5/19 18:00,0.765,64.6425,9.945,42.64875,0
11/5/19 19:00,0.95625,29.4525,11.66625,55.65375,5.7375
11/5/19 20:00,1.53,65.98125,29.26125,66.74625,6.69375
11/5/19 21:00,3.25125,79.36875,26.58375,26.3925,25.05375
11/5/19 22:00,8.98875,90.6525,32.895,41.31,27.73125
11/5/19 23:00,8.60625,77.45625,62.92125,63.68625,20.08125
12/5/19 00:00,11.28375,53.35875,41.11875,55.27125,13.57875
12/5/19 01:00,12.04875,54.6975,34.0425,53.1675,10.51875
12/5/19 02:00,12.6225,48.38625,39.58875,59.86125,22.37625
12/5/19 03:00,11.0925,32.895,33.08625,52.21125,22.185
12/5/19 04:00,8.98875,32.895,39.20625,44.37,25.43625
12/5/19 05:00,8.0325,37.67625,37.485,39.97125,22.5675
12/5/19 06:00,7.84125,50.68125,33.08625,37.29375,20.08125
12/5/19 07:00,8.0325,41.88375,15.87375,26.775,14.1525
12/5/19 08:00,4.78125,28.11375,13.57875,23.14125,6.69375
12/5/19 09:00,2.86875,29.4525,15.49125,27.73125,4.78125
12/5/19 10:00,2.6775,35.19,16.83,32.13,3.06
12/5/19 11:00,3.25125,36.91125,14.72625,23.715,3.825
12/5/19 12:00,2.6775,37.485,10.13625,13.96125,4.2075
12/5/19 13:00,2.295,18.55125,11.8575,21.8025,4.2075
12/5/19 14:00,1.33875,21.8025,13.005,18.55125,4.2075
12/5/19 15:00,1.53,42.075,12.43125,17.2125,5.54625
12/5/19 16:00,1.33875,17.78625,7.2675,12.6225,6.12
12/5/19 17:00,0,6.885,6.885,13.3875,5.92875
12/5/19 18:00,1.72125,6.5025,4.9725,12.6225,4.9725
12/5/19 19:00,1.9125,12.43125,6.12,10.71,5.92875
12/5/19 20:00,2.295,59.2875,7.2675,12.24,12.81375
12/5/19 21:00,2.295,47.62125,8.98875,14.72625,12.81375
12/5/19 22:00,3.25125,29.07,13.19625,17.78625,17.595
12/5/19 23:00,3.4425,66.74625,14.72625,21.99375,17.02125
13/5/19 00:00,4.2075,35.76375,7.65,13.77,13.77
13/5/19 01:00,1.9125,27.34875,5.7375,12.43125,19.5075
13/5/19 02:00,1.33875,38.05875,8.60625,16.4475,21.8025
13/5/19 03:00,1.9125,33.66,7.2675,18.55125,15.87375
13/5/19 04:00,1.72125,40.1625,7.45875,17.40375,24.48
13/5/19 05:00,1.53,56.61,11.8575,16.4475,22.37625
13/5/19 06:00,3.06,96.58125,46.47375,48.5775,28.6875
13/5/19 07:00,7.45875,115.515,72.675,85.2975,30.40875
13/5/19 08:00,10.13625,84.915,42.84,59.47875,20.46375
13/5/19 09:00,8.60625,50.68125,11.66625,51.255,17.9775
13/5/19 10:00,6.5025,14.535,16.25625,22.75875,12.43125
13/5/19 11:00,3.06,12.24,8.415,21.61125,13.19625
13/5/19 12:00,1.33875,7.84125,20.2725,17.595,10.13625
13/5/19 13:00,1.53,9.75375,12.04875,57.18375,9.18
13/5/19 14:00,1.1475,9.18,10.13625,26.01,10.3275
13/5/19 15:00,1.53,8.415,8.0325,12.6225,10.90125
13/5/19 16:00,1.53,13.77,8.0325,12.04875,10.90125
13/5/19 17:00,1.53,9.18,8.7975,13.77,12.6225
13/5/19 18:00,1.72125,8.7975,5.7375,20.46375,11.66625
13/5/19 19:00,1.53,21.0375,5.54625,23.3325,14.9175
13/5/19 20:00,2.48625,48.195,10.90125,15.10875,24.0975
13/5/19 21:00,3.06,71.91,10.51875,20.84625,20.08125
13/5/19 22:00,3.4425,90.07875,29.07,40.9275,24.28875
13/5/19 23:00,4.78125,59.86125,15.10875,22.185,21.42
14/5/19 00:00,5.355,61.00875,8.60625,14.535,27.1575
14/5/19 01:00,2.295,63.30375,9.945,14.34375,22.75875
14/5/19 02:00,1.72125,44.94375,11.475,54.50625,16.25625
14/5/19 03:00,2.86875,49.3425,27.54,76.69125,16.065
14/5/19 04:00,3.825,52.4025,28.305,45.32625,13.3875
14/5/19 05:00,4.39875,58.14,40.35375,83.19375,14.9175
14/5/19 06:00,6.5025,86.0625,40.73625,39.97125,37.485
14/5/19 07:00,7.65,89.69625,51.06375,35.5725,46.665
14/5/19 08:00,7.07625,78.60375,35.955,36.72,38.44125
14/5/19 09:00,7.07625,43.9875,16.4475,27.34875,24.67125
14/5/19 10:00,2.86875,27.9225,13.3875,23.3325,10.90125
14/5/19 11:00,1.53,34.8075,9.945,31.7475,10.71
14/5/19 12:00,1.33875,41.6925,16.63875,20.08125,10.90125
14/5/19 13:00,1.1475,36.52875,18.55125,22.37625,8.60625
14/5/19 14:00,2.10375,48.38625,16.83,19.31625,8.7975
14/5/19 15:00,1.53,41.11875,17.02125,27.73125,11.28375
14/5/19 16:00,2.10375,43.2225,15.3,19.69875,15.6825
14/5/19 17:00,2.295,25.6275,8.415,31.93875,21.42
14/5/19 18:00,1.9125,18.36,10.51875,20.46375,14.9175
14/5/19 19:00,1.9125,25.6275,8.98875,46.665,14.1525
14/5/19 20:00,2.10375,102.70125,48.00375,74.01375,16.065
14/5/19 21:00,6.12,112.64625,33.66,61.39125,18.55125
14/5/19 22:00,10.90125,108.05625,33.66,39.3975,27.1575
14/5/19 23:00,8.98875,92.1825,29.835,33.08625,30.79125
15/5/19 00:00,8.0325,100.215,25.05375,26.01,26.96625
15/5/19 01:00,7.84125,88.54875,20.08125,22.37625,31.17375
15/5/19 02:00,5.16375,65.79,15.6825,19.89,40.1625
15/5/19 03:00,4.01625,77.07375,21.22875,19.125,27.1575
15/5/19 04:00,3.4425,76.69125,40.35375,59.67,26.01
15/5/19 05:00,4.39875,85.10625,61.39125,97.72875,24.28875
15/5/19 06:00,5.7375,123.35625,97.34625,129.47625,26.96625
15/5/19 07:00,10.13625,131.38875,92.1825,108.82125,46.09125
15/5/19 08:00,11.8575,87.21,67.12875,93.13875,32.70375
15/5/19 09:00,13.96125,83.95875,34.8075,56.61,22.185
15/5/19 10:00,5.16375,0,19.31625,45.32625,16.065
15/5/19 11:00,2.10375,0,12.6225,35.76375,14.72625
15/5/19 12:00,1.9125,29.4525,15.10875,18.93375,19.125
15/5/19 13:00,2.10375,32.5125,30.79125,38.44125,15.87375
15/5/19 14:00,3.25125,48.5775,37.1025,43.03125,13.96125
15/5/19 15:00,0,48.5775,24.48,37.1025,13.96125
15/5/19 16:00,2.10375,58.33125,25.81875,26.96625,19.5075
15/5/19 17:00,-0.19125,60.435,26.01,26.01,25.6275
15/5/19 18:00,1.72125,59.09625,15.87375,23.715,18.7425
15/5/19 19:00,-2.295,84.15,13.19625,19.125,15.87375
15/5/19 20:00,-3.4425,82.42875,33.08625,57.56625,15.3
15/5/19 21:00,5.92875,124.50375,26.58375,37.1025,14.34375
15/5/19 22:00,8.0325,116.28,30.2175,32.70375,24.0975
15/5/19 23:00,7.07625,77.265,27.34875,46.85625,18.55125
16/5/19 00:00,10.3275,85.10625,21.99375,48.96,20.2725
16/5/19 01:00,15.10875,56.9925,21.0375,53.9325,20.46375
16/5/19 02:00,2.6775,84.34125,24.48,75.16125,17.9775
16/5/19 03:00,7.2675,68.85,39.58875,75.54375,12.81375
16/5/19 04:00,17.02125,74.77875,47.0475,68.65875,10.90125
16/5/19 05:00,15.87375,85.10625,51.255,68.085,13.57875
16/5/19 06:00,20.2725,114.55875,88.3575,118.575,19.5075
16/5/19 07:00,23.715,133.68375,78.795,98.87625,29.64375
16/5/19 08:00,34.23375,120.87,86.0625,85.87125,52.21125
16/5/19 09:00,29.26125,76.5,45.5175,69.42375,22.5675
16/5/19 10:00,16.4475,73.24875,32.895,51.44625,0
16/5/19 11:00,5.54625,54.315,42.64875,61.965,15.3
16/5/19 12:00,12.6225,57.7575,31.93875,67.32,16.4475
16/5/19 13:00,11.8575,77.265,33.08625,47.62125,15.6825
16/5/19 14:00,2.295,72.86625,23.715,23.90625,19.5075
16/5/19 15:00,-1.1475,69.04125,23.52375,27.9225,18.7425
16/5/19 16:00,-3.63375,94.095,21.0375,53.55,24.28875
16/5/19 17:00,-2.6775,93.7125,28.6875,43.9875,17.2125
16/5/19 18:00,2.48625,97.92,25.05375,39.78,16.25625
16/5/19 19:00,6.12,99.25875,20.84625,55.65375,18.93375
16/5/19 20:00,-1.53,116.47125,29.835,63.68625,24.48
16/5/19 21:00,3.63375,140.95125,36.72,46.09125,24.8625
16/5/19 22:00,11.28375,131.00625,40.73625,125.65125,33.66
16/5/19 23:00,26.3925,105.76125,81.66375,107.865,28.49625
17/5/19 00:00,29.835,92.75625,58.5225,105.1875,21.0375
17/5/19 01:00,27.54,92.9475,48.96,81.855,18.7425
17/5/19 02:00,26.20125,69.80625,28.11375,35.76375,29.26125
17/5/19 03:00,15.87375,55.27125,14.1525,19.89,25.6275
17/5/19 04:00,-4.78125,65.98125,10.51875,33.2775,15.6825
17/5/19 05:00,-4.9725,78.22125,15.3,38.6325,33.46875
17/5/19 06:00,-5.16375,98.11125,37.8675,79.36875,38.05875
17/5/19 07:00,9.18,107.865,43.03125,83.7675,42.4575
17/5/19 08:00,15.49125,87.21,49.725,65.21625,31.7475
17/5/19 09:00,0,82.2375,46.47375,61.2,28.305
17/5/19 10:00,-1.53,74.205,41.31,51.6375,20.46375
17/5/19 11:00,-2.48625,58.14,36.14625,43.41375,13.3875
17/5/19 12:00,-2.10375,62.3475,40.9275,51.6375,24.48
17/5/19 13:00,0,86.63625,45.135,61.5825,17.02125
17/5/19 14:00,0,70.18875,42.075,66.9375,12.04875
17/5/19 15:00,8.415,70.18875,41.11875,93.7125,11.66625
17/5/19 16:00,10.71,76.69125,31.17375,88.16625,11.66625
17/5/19 17:00,6.885,66.555,28.305,76.5,6.31125
17/5/19 18:00,4.39875,72.86625,21.99375,74.205,6.31125
17/5/19 19:00,4.59,41.88375,32.13,71.91,12.81375
17/5/19 20:00,8.0325,37.485,29.64375,78.60375,11.28375
17/5/19 21:00,11.8575,28.49625,29.07,63.1125,12.6225
17/5/19 22:00,9.945,23.3325,24.8625,63.68625,14.1525
17/5/19 23:00,8.60625,14.34375,20.655,51.255,13.005
18/5/19 00:00,8.22375,14.9175,17.78625,46.47375,9.5625
18/5/19 01:00,6.31125,13.3875,14.1525,44.56125,8.22375
18/5/19 02:00,4.39875,11.28375,16.25625,60.435,9.37125
18/5/19 03:00,4.2075,14.535,16.065,61.2,7.07625
18/5/19 04:00,3.63375,29.64375,18.16875,47.23875,6.31125
18/5/19 05:00,4.39875,24.8625,34.0425,42.075,4.78125
18/5/19 06:00,5.92875,45.70875,46.47375,66.555,13.3875
18/5/19 07:00,10.13625,36.72,35.76375,64.45125,4.78125
18/5/19 08:00,11.475,22.185,28.49625,56.2275,4.78125
18/5/19 09:00,7.2675,24.67125,21.8025,48.76875,5.92875
18/5/19 10:00,3.06,24.28875,17.595,72.10125,6.885
18/5/19 11:00,2.10375,14.9175,21.22875,71.145,6.69375
18/5/19 12:00,1.53,8.60625,18.55125,64.83375,6.69375
18/5/19 13:00,1.72125,14.535,14.72625,46.2825,5.7375
18/5/19 14:00,0.765,24.48,17.595,48.5775,4.2075
18/5/19 15:00,-0.57375,28.6875,13.57875,71.5275,4.59
18/5/19 16:00,0.57375,47.8125,19.125,90.84375,5.7375
18/5/19 17:00,4.78125,43.9875,21.61125,71.5275,5.92875
18/5/19 18:00,4.9725,43.79625,22.37625,72.2925,6.885
18/5/19 19:00,6.885,27.54,30.9825,67.12875,8.22375
18/5/19 20:00,6.5025,12.04875,20.46375,50.29875,9.18
18/5/19 21:00,5.355,10.51875,15.87375,54.315,13.3875
18/5/19 22:00,4.78125,7.65,12.81375,52.97625,8.7975
18/5/19 23:00,3.4425,6.885,10.71,58.33125,7.84125
19/5/19 00:00,1.33875,5.16375,7.65,46.665,5.355
19/5/19 01:00,0.57375,4.78125,12.43125,40.73625,4.2075
19/5/19 02:00,0,4.9725,9.18,35.38125,3.06
19/5/19 03:00,0,4.78125,9.18,36.3375,2.6775
19/5/19 04:00,-0.765,2.6775,6.12,30.40875,3.25125
19/5/19 05:00,-1.9125,1.53,8.415,34.61625,3.06
19/5/19 06:00,-2.48625,3.25125,8.7975,48.5775,8.98875
19/5/19 07:00,-1.72125,2.86875,8.7975,36.72,4.59
19/5/19 08:00,-0.95625,3.06,15.87375,47.43,7.07625
19/5/19 09:00,-1.1475,8.60625,11.28375,57.56625,4.78125
19/5/19 10:00,-1.53,5.7375,9.945,49.3425,4.9725
19/5/19 11:00,-1.33875,3.825,10.90125,43.9875,4.2075
19/5/19 12:00,-0.57375,4.39875,10.90125,49.725,4.78125
19/5/19 13:00,-0.95625,4.59,11.66625,43.79625,4.9725
19/5/19 14:00,-0.19125,4.59,14.72625,55.08,5.16375
19/5/19 15:00,0.19125,6.5025,18.55125,53.74125,5.7375
19/5/19 16:00,1.9125,21.0375,14.535,70.38,4.78125
19/5/19 17:00,0.765,13.96125,9.5625,63.68625,3.06
19/5/19 18:00,-0.95625,34.8075,13.3875,67.7025,7.65
19/5/19 19:00,1.1475,24.48,15.49125,69.2325,7.84125
19/5/19 20:00,2.86875,13.3875,21.8025,70.18875,8.98875
19/5/19 21:00,6.5025,59.2875,36.14625,83.95875,10.90125
19/5/19 22:00,13.77,73.0575,50.1075,78.22125,23.715
19/5/19 23:00,22.75875,59.67,51.255,60.0525,7.2675
20/5/19 00:00,16.83,32.13,36.52875,54.315,4.78125
20/5/19 01:00,14.9175,9.18,19.5075,34.61625,3.4425
20/5/19 02:00,3.4425,2.86875,13.57875,24.67125,3.06
20/5/19 03:00,1.9125,3.06,10.3275,30.79125,2.10375
20/5/19 04:00,1.33875,4.2075,8.98875,32.5125,2.6775
20/5/19 05:00,0,3.825,23.52375,60.8175,7.2675
20/5/19 06:00,2.295,9.5625,42.64875,78.60375,8.60625
20/5/19 07:00,4.39875,18.93375,36.14625,74.77875,10.90125
20/5/19 08:00,5.92875,15.10875,31.55625,64.83375,11.8575
20/5/19 09:00,5.54625,11.28375,29.26125,49.725,9.945
20/5/19 10:00,3.825,22.75875,32.13,63.1125,4.2075
20/5/19 11:00,0,21.22875,22.75875,70.7625,3.63375
20/5/19 12:00,-0.765,32.70375,21.22875,59.86125,4.78125
20/5/19 13:00,0.19125,24.28875,22.185,62.3475,10.3275
20/5/19 14:00,-1.72125,12.04875,24.67125,37.67625,14.535
20/5/19 15:00,-0.95625,12.6225,43.605,53.1675,14.34375
20/5/19 16:00,5.54625,59.47875,56.41875,77.83875,17.78625
20/5/19 17:00,25.05375,60.62625,48.00375,92.37375,12.43125
20/5/19 18:00,31.17375,55.27125,38.82375,58.905,12.24
20/5/19 19:00,27.54,60.435,40.1625,60.8175,13.3875
20/5/19 20:00,15.87375,39.58875,38.05875,65.79,8.0325
20/5/19 21:00,8.0325,79.1775,43.03125,70.57125,7.65
20/5/19 22:00,12.43125,78.03,50.49,70.7625,17.02125
20/5/19 23:00,17.02125,63.495,49.3425,58.71375,19.31625
21/5/19 00:00,35.19,45.5175,50.68125,61.5825,10.71
21/5/19 01:00,32.5125,42.84,51.82875,46.2825,7.45875
21/5/19 02:00,27.1575,35.955,43.03125,44.7525,7.07625
21/5/19 03:00,20.84625,30.9825,37.29375,43.9875,7.84125
21/5/19 04:00,21.0375,33.2775,32.32125,37.485,9.18
21/5/19 05:00,18.16875,46.85625,27.73125,44.17875,20.2725
21/5/19 06:00,17.2125,46.09125,42.64875,54.315,22.75875
21/5/19 07:00,18.93375,33.2775,69.42375,73.44,27.1575
21/5/19 08:00,21.61125,35.5725,65.59875,58.33125,31.365
21/5/19 09:00,20.08125,16.065,48.96,48.00375,17.78625
21/5/19 10:00,12.6225,20.84625,39.20625,31.17375,11.66625
21/5/19 11:00,6.31125,16.83,38.82375,53.9325,14.1525
21/5/19 12:00,3.63375,30.02625,33.85125,44.7525,12.6225
21/5/19 13:00,5.355,55.845,31.7475,49.91625,10.13625
21/5/19 14:00,15.49125,66.555,25.05375,36.72,13.77
21/5/19 15:00,8.0325,70.57125,36.14625,58.14,13.96125
21/5/19 16:00,11.0925,68.4675,24.48,43.79625,14.535
21/5/19 17:00,8.98875,69.9975,26.96625,42.075,16.065
21/5/19 18:00,9.18,91.035,17.02125,21.42,14.1525
21/5/19 19:00,3.63375,92.9475,24.0975,39.015,13.19625
21/5/19 20:00,12.24,83.385,38.6325,68.85,15.6825
21/5/19 21:00,27.9225,90.84375,52.785,84.5325,16.065
21/5/19 22:00,31.93875,93.33,73.24875,99.8325,30.40875
21/5/19 23:00,22.5675,83.385,60.62625,91.22625,21.42
22/5/19 00:00,18.55125,18.16875,17.78625,74.97,20.655
22/5/19 01:00,0,14.9175,6.31125,41.6925,15.87375
22/5/19 02:00,0.57375,13.3875,5.92875,25.245,9.5625
22/5/19 03:00,0.3825,8.0325,8.7975,52.785,8.7975
22/5/19 04:00,-0.57375,6.31125,7.65,57.18375,12.6225
22/5/19 05:00,2.48625,7.84125,16.25625,64.83375,15.49125
22/5/19 06:00,2.10375,13.96125,32.70375,74.39625,17.595
22/5/19 07:00,5.7375,29.835,35.19,72.86625,20.46375
22/5/19 08:00,7.2675,31.93875,34.425,72.86625,21.22875
22/5/19 09:00,5.92875,14.34375,30.02625,56.2275,16.25625
22/5/19 10:00,3.825,19.89,35.19,48.76875,13.005
22/5/19 11:00,2.295,13.3875,37.67625,48.76875,7.84125
22/5/19 12:00,0.57375,9.37125,38.44125,43.9875,8.22375
22/5/19 13:00,-0.95625,9.37125,26.775,25.43625,9.5625
22/5/19 14:00,2.6775,50.29875,20.84625,36.14625,8.0325
22/5/19 15:00,6.69375,36.14625,27.1575,39.20625,9.75375
22/5/19 16:00,6.69375,46.09125,28.49625,50.1075,14.72625
22/5/19 17:00,6.5025,48.76875,29.07,39.20625,11.8575
22/5/19 18:00,9.18,58.14,33.85125,63.30375,16.065
22/5/19 19:00,12.04875,63.68625,28.6875,48.5775,12.43125
22/5/19 20:00,12.81375,73.24875,33.2775,40.9275,15.10875
22/5/19 21:00,14.34375,86.445,33.2775,35.38125,14.9175
22/5/19 22:00,20.2725,93.33,28.6875,32.13,18.7425
22/5/19 23:00,17.02125,88.3575,52.02,79.36875,29.64375
23/5/19 00:00,25.05375,81.4725,63.30375,79.56,27.34875
23/5/19 01:00,26.3925,76.1175,53.1675,67.12875,14.1525
23/5/19 02:00,27.1575,61.2,55.27125,65.025,11.475
23/5/19 03:00,13.77,40.73625,47.23875,65.98125,18.93375
23/5/19 04:00,0,4.9725,43.605,52.02,15.87375
23/5/19 05:00,0.19125,7.07625,28.6875,39.015,24.0975
23/5/19 06:00,5.54625,14.34375,34.61625,56.9925,17.9775
23/5/19 07:00,13.96125,35.5725,58.905,80.13375,23.90625
23/5/19 08:00,14.34375,20.46375,34.8075,71.33625,24.67125
23/5/19 09:00,7.65,37.485,39.20625,57.18375,17.9775
23/5/19 10:00,5.355,15.87375,30.2175,61.5825,16.4475
23/5/19 11:00,3.825,11.475,27.54,66.9375,12.81375
23/5/19 12:00,1.9125,13.57875,28.11375,66.555,11.66625
23/5/19 13:00,2.86875,17.78625,37.485,50.1075,12.04875
23/5/19 14:00,2.295,16.63875,28.11375,36.72,13.57875
23/5/19 15:00,3.25125,17.78625,36.52875,60.24375,29.64375
23/5/19 16:00,2.86875,10.71,32.32125,61.39125,33.46875
23/5/19 17:00,3.825,12.24,17.2125,67.51125,37.485
23/5/19 18:00,6.5025,16.4475,26.3925,78.60375,58.71375
23/5/19 19:00,8.415,16.25625,16.065,53.9325,20.2725
23/5/19 20:00,8.415,13.005,21.42,67.12875,20.08125
23/5/19 21:00,5.54625,19.89,19.125,63.1125,30.9825
23/5/19 22:00,7.2675,10.90125,18.55125,57.18375,24.67125
23/5/19 23:00,6.12,7.84125,13.77,45.9,19.69875
24/5/19 00:00,3.06,7.45875,11.8575,41.50125,12.04875
24/5/19 01:00,3.25125,6.31125,9.5625,29.64375,5.16375
24/5/19 02:00,3.06,3.63375,11.0925,22.95,4.39875
24/5/19 03:00,0.95625,3.4425,6.69375,26.3925,4.01625
24/5/19 04:00,0.765,0.765,5.355,18.55125,3.4425
24/5/19 05:00,-0.765,1.72125,17.78625,33.66,7.2675
24/5/19 06:00,-0.3825,5.16375,25.43625,68.27625,7.07625
24/5/19 07:00,3.06,12.04875,42.26625,73.8225,12.43125
24/5/19 08:00,7.07625,20.08125,33.2775,64.83375,12.81375
24/5/19 09:00,5.54625,17.595,34.99875,53.1675,11.8575
24/5/19 10:00,1.72125,12.81375,32.13,47.8125,8.98875
24/5/19 11:00,-0.3825,6.5025,36.14625,62.3475,8.415
24/5/19 12:00,0.95625,8.60625,33.46875,51.44625,8.0325
24/5/19 13:00,1.1475,10.13625,24.8625,44.7525,11.8575
24/5/19 14:00,2.10375,10.13625,27.34875,71.71875,10.51875
24/5/19 15:00,1.53,6.885,28.6875,70.7625,11.28375
24/5/19 16:00,1.33875,12.6225,21.61125,85.2975,14.72625
24/5/19 17:00,2.10375,13.57875,23.715,76.69125,8.22375
24/5/19 18:00,2.86875,10.13625,18.16875,68.085,10.51875
24/5/19 19:00,2.6775,6.69375,14.9175,65.21625,8.7975
24/5/19 20:00,3.63375,5.92875,13.57875,43.2225,7.84125
24/5/19 21:00,4.2075,11.0925,18.55125,57.18375,7.65
24/5/19 22:00,4.39875,5.16375,11.28375,55.4625,5.355
24/5/19 23:00,3.06,15.49125,13.57875,72.675,4.39875
25/5/19 00:00,2.6775,8.0325,14.34375,75.3525,4.59
25/5/19 01:00,3.06,9.18,17.595,42.4575,5.7375
25/5/19 02:00,4.01625,7.65,7.84125,34.0425,4.59
25/5/19 03:00,2.6775,3.825,7.84125,30.40875,6.31125
25/5/19 04:00,0.57375,4.78125,9.75375,32.895,6.31125
25/5/19 05:00,0.765,4.2075,12.6225,35.19,9.5625
25/5/19 06:00,2.86875,7.2675,19.31625,47.43,11.66625
25/5/19 07:00,1.33875,5.355,20.46375,47.62125,13.19625
25/5/19 08:00,3.4425,7.2675,25.245,52.4025,11.8575
25/5/19 09:00,3.825,9.37125,21.99375,52.21125,11.8575
25/5/19 10:00,2.86875,6.69375,21.61125,42.84,9.75375
25/5/19 11:00,0.765,7.84125,14.34375,36.52875,7.07625
25/5/19 12:00,1.1475,6.69375,12.6225,42.4575,5.355
25/5/19 13:00,1.9125,7.2675,17.78625,42.26625,5.355
25/5/19 14:00,1.53,8.22375,14.34375,43.41375,4.78125
25/5/19 15:00,1.72125,4.78125,10.13625,36.14625,4.01625
25/5/19 16:00,0,4.9725,9.37125,42.4575,4.2075
25/5/19 17:00,0.57375,8.7975,9.945,35.5725,3.825
25/5/19 18:00,1.33875,3.825,9.5625,35.955,4.39875
25/5/19 19:00,1.53,5.92875,6.5025,26.01,3.825
25/5/19 20:00,1.33875,4.39875,6.31125,24.0975,3.4425
25/5/19 21:00,1.1475,4.39875,6.12,20.655,3.06
25/5/19 22:00,0.95625,3.63375,5.54625,23.14125,2.6775
25/5/19 23:00,0.95625,1.33875,5.355,20.655,2.295
26/5/19 00:00,-0.57375,2.295,2.86875,15.3,2.86875
26/5/19 01:00,-1.53,1.1475,1.53,14.1525,1.72125
26/5/19 02:00,-2.10375,0.19125,1.1475,11.0925,1.72125
26/5/19 03:00,-2.295,0.765,0.95625,6.885,1.72125
26/5/19 04:00,-2.10375,1.72125,1.33875,5.92875,1.72125
26/5/19 05:00,-1.9125,0.57375,5.7375,6.12,1.33875
26/5/19 06:00,-2.10375,0.19125,2.295,6.31125,2.48625
26/5/19 07:00,-1.9125,0.3825,1.9125,13.005,1.9125
26/5/19 08:00,-1.9125,0.57375,6.12,16.4475,2.48625
26/5/19 09:00,-1.53,-1.1475,5.16375,18.7425,3.06
26/5/19 10:00,-0.765,0.95625,6.5025,27.9225,1.9125
26/5/19 11:00,1.1475,1.53,7.07625,34.99875,2.295
26/5/19 12:00,0,2.10375,7.65,37.29375,1.72125
26/5/19 13:00,-0.95625,2.6775,8.22375,37.67625,2.295
26/5/19 14:00,-0.765,1.72125,8.0325,29.07,1.9125
26/5/19 15:00,-0.57375,1.1475,7.45875,30.6,2.10375
26/5/19 16:00,-1.1475,3.825,7.07625,26.775,1.33875
26/5/19 17:00,-1.72125,0.57375,6.885,28.49625,1.33875
26/5/19 18:00,-0.19125,0.19125,5.92875,29.64375,1.33875
26/5/19 19:00,-1.1475,1.33875,5.92875,26.58375,0.95625
26/5/19 20:00,-1.1475,1.9125,8.60625,23.715,1.1475
26/5/19 21:00,-0.19125,1.72125,7.45875,23.3325,1.9125
26/5/19 22:00,0.19125,1.9125,5.355,20.46375,1.9125
26/5/19 23:00,-0.95625,1.9125,2.86875,14.1525,0.765
27/5/19 00:00,-1.33875,0.95625,1.53,14.9175,0.57375
27/5/19 01:00,-1.9125,-0.19125,1.33875,7.65,0
27/5/19 02:00,-2.10375,0.765,0.765,6.12,0
27/5/19 03:00,-2.295,0.3825,0.57375,9.18,0.3825
27/5/19 04:00,-2.10375,1.53,1.53,15.49125,0.3825
27/5/19 05:00,-2.295,2.10375,11.66625,26.20125,5.16375
27/5/19 06:00,-0.765,4.01625,20.46375,42.4575,4.39875
27/5/19 07:00,-0.3825,10.90125,26.20125,41.31,4.39875
27/5/19 08:00,0.95625,27.54,13.96125,43.41375,6.69375
27/5/19 09:00,0,23.14125,15.10875,33.08625,6.69375
27/5/19 10:00,-1.1475,4.59,16.4475,43.79625,4.01625
27/5/19 11:00,-2.295,3.4425,17.02125,36.3375,3.825
27/5/19 12:00,-1.1475,6.12,16.63875,40.1625,3.4425
27/5/19 13:00,-0.95625,22.5675,18.16875,45.9,4.2075
27/5/19 14:00,0,39.3975,20.46375,60.8175,8.7975
27/5/19 15:00,1.9125,36.3375,15.49125,51.06375,7.07625
27/5/19 16:00,1.33875,22.95,25.245,68.85,5.355
27/5/19 17:00,4.39875,24.8625,27.34875,64.26,8.98875
27/5/19 18:00,6.69375,14.535,33.66,70.18875,8.415
27/5/19 19:00,6.69375,11.0925,21.0375,48.195,4.78125
27/5/19 20:00,3.63375,11.0925,15.87375,42.84,3.06
27/5/19 21:00,1.53,14.72625,15.10875,36.72,3.06
27/5/19 22:00,1.53,11.28375,15.6825,33.2775,2.86875
27/5/19 23:00,1.9125,8.60625,13.57875,28.87875,3.06
28/5/19 00:00,0.765,4.9725,8.7975,17.595,2.295
28/5/19 01:00,-0.3825,3.06,6.31125,23.14125,0.765
28/5/19 02:00,3.825,1.1475,7.45875,21.99375,0.765
28/5/19 03:00,-1.33875,0.57375,4.59,29.835,0.95625
28/5/19 04:00,-1.53,1.33875,3.4425,27.1575,1.53
28/5/19 05:00,-1.33875,19.125,7.84125,57.375,3.06
28/5/19 06:00,-1.33875,43.79625,20.84625,80.325,4.39875
28/5/19 07:00,1.72125,49.3425,27.34875,82.42875,4.78125
28/5/19 08:00,2.10375,51.6375,21.99375,70.7625,10.13625
28/5/19 09:00,2.48625,49.3425,28.6875,47.23875,7.65
28/5/19 10:00,2.10375,42.26625,16.065,45.9,3.4425
28/5/19 11:00,1.1475,43.605,20.08125,52.97625,4.01625
28/5/19 12:00,0,33.66,16.25625,47.8125,3.25125
28/5/19 13:00,0.19125,51.6375,19.69875,60.8175,1.9125
28/5/19 14:00,0,38.44125,18.93375,69.04125,3.4425
28/5/19 15:00,8.22375,40.73625,21.61125,76.5,4.01625
28/5/19 16:00,8.415,48.38625,22.75875,77.83875,4.2075
28/5/19 17:00,8.415,16.83,25.43625,50.68125,9.945
28/5/19 18:00,9.37125,20.46375,21.99375,70.95375,16.065
28/5/19 19:00,9.75375,51.6375,21.42,71.91,12.24
28/5/19 20:00,9.75375,86.445,36.52875,64.26,13.96125
28/5/19 21:00,11.0925,94.095,43.79625,74.205,19.89
28/5/19 22:00,22.37625,90.27,30.40875,72.86625,41.88375
28/5/19 23:00,49.15125,82.2375,16.065,31.365,42.26625
29/5/19 00:00,34.61625,56.80125,8.7975,32.895,39.97125
29/5/19 01:00,21.8025,19.89,3.63375,22.37625,36.72
29/5/19 02:00,8.98875,17.9775,2.295,24.0975,15.6825
29/5/19 03:00,7.65,19.69875,2.10375,13.19625,10.90125
29/5/19 04:00,11.28375,29.4525,3.06,8.98875,11.8575
29/5/19 05:00,6.69375,18.55125,19.31625,7.65,9.18
29/5/19 06:00,8.7975,61.00875,31.17375,19.69875,16.25625
29/5/19 07:00,15.49125,84.15,29.26125,34.8075,20.08125
29/5/19 08:00,28.11375,85.68,32.5125,37.1025,22.185
29/5/19 09:00,37.8675,63.495,43.41375,30.79125,18.55125
29/5/19 10:00,31.365,32.32125,35.19,51.06375,15.10875
29/5/19 11:00,18.36,13.005,21.99375,40.73625,19.89
29/5/19 12:00,9.945,10.13625,19.125,43.79625,7.07625
29/5/19 13:00,9.37125,15.3,16.25625,36.52875,7.2675
29/5/19 14:00,9.945,13.19625,13.77,29.835,6.12
29/5/19 15:00,8.7975,11.0925,12.24,37.67625,4.78125
29/5/19 16:00,10.13625,10.51875,10.71,45.5175,6.885
29/5/19 17:00,11.475,13.77,14.72625,41.11875,5.355
29/5/19 18:00,12.81375,8.60625,12.04875,51.44625,4.39875
29/5/19 19:00,11.8575,8.7975,12.43125,32.895,3.63375
29/5/19 20:00,10.51875,11.0925,7.45875,17.2125,4.01625
29/5/19 21:00,7.84125,7.2675,7.07625,19.69875,2.295
29/5/19 22:00,8.415,5.92875,7.45875,29.4525,2.48625
29/5/19 23:00,8.98875,6.5025,2.86875,19.69875,1.9125
30/5/19 00:00,6.5025,3.06,1.1475,11.475,3.63375
30/5/19 01:00,4.9725,1.9125,0.95625,8.7975,5.92875
30/5/19 02:00,4.9725,1.72125,0.3825,6.5025,2.295
30/5/19 03:00,4.59,1.9125,0.765,7.65,2.86875
30/5/19 04:00,4.59,1.33875,1.9125,7.45875,0.95625
30/5/19 05:00,4.39875,1.9125,10.13625,19.69875,3.06
30/5/19 06:00,5.92875,7.07625,12.81375,31.7475,4.39875
30/5/19 07:00,9.18,13.77,12.24,44.94375,8.22375
30/5/19 08:00,13.19625,17.40375,10.3275,28.87875,13.3875
30/5/19 09:00,12.04875,15.49125,12.81375,32.70375,11.28375
30/5/19 10:00,11.0925,11.475,13.005,34.99875,7.84125
30/5/19 11:00,9.5625,7.07625,18.36,37.29375,4.59
30/5/19 12:00,10.51875,12.6225,15.6825,30.9825,5.16375
30/5/19 13:00,8.415,8.60625,15.10875,34.8075,6.12
30/5/19 14:00,9.18,10.51875,14.34375,43.2225,6.69375
30/5/19 15:00,11.28375,21.99375,18.36,46.09125,5.92875
30/5/19 16:00,12.6225,22.95,19.5075,42.4575,6.885
30/5/19 17:00,11.66625,12.6225,15.3,49.15125,7.07625
30/5/19 18:00,13.77,15.87375,14.72625,56.2275,5.54625
30/5/19 19:00,18.36,17.40375,17.595,43.03125,6.69375
30/5/19 20:00,15.87375,13.77,13.77,37.8675,6.885
30/5/19 21:00,13.19625,16.065,14.34375,41.6925,4.78125
30/5/19 22:00,15.6825,10.90125,12.81375,34.8075,5.7375
30/5/19 23:00,14.34375,12.43125,9.18,34.23375,6.885
31/5/19 00:00,11.28375,8.415,3.06,18.55125,12.43125
31/5/19 01:00,7.45875,4.59,2.10375,14.34375,9.18
31/5/19 02:00,6.69375,4.59,1.53,12.6225,4.39875
31/5/19 03:00,5.92875,2.86875,0.57375,11.475,3.4425
31/5/19 04:00,4.9725,8.98875,0.19125,16.4475,4.9725
31/5/19 05:00,4.9725,9.37125,9.5625,19.5075,9.5625
31/5/19 06:00,5.92875,9.37125,9.18,30.02625,10.71
31/5/19 07:00,9.5625,11.28375,9.945,33.85125,13.96125
31/5/19 08:00,11.0925,11.0925,7.84125,27.1575,11.28375
31/5/19 09:00,10.90125,9.75375,7.2675,24.8625,10.71
31/5/19 10:00,10.71,8.7975,6.12,17.02125,8.98875
31/5/19 11:00,9.945,7.84125,8.60625,21.22875,9.945
31/5/19 12:00,0,5.16375,7.65,19.5075,8.22375
31/5/19 13:00,0,11.28375,6.885,25.245,5.355
31/5/19 14:00,4.9725,4.9725,6.5025,21.42,6.5025
31/5/19 15:00,5.7375,7.65,7.84125,25.245,5.7375
31/5/19 16:00,6.12,6.12,5.355,26.01,6.69375
31/5/19 17:00,7.65,8.415,4.59,21.0375,8.60625
31/5/19 18:00,8.415,9.37125,5.16375,13.3875,6.5025
31/5/19 19:00,7.07625,13.77,8.7975,43.2225,4.01625
31/5/19 20:00,5.355,11.0925,9.75375,33.08625,3.825
31/5/19 21:00,4.78125,14.34375,11.0925,52.785,5.54625
31/5/19 22:00,7.45875,24.48,16.4475,54.315,6.885
31/5/19 23:00,13.005,21.99375,14.34375,48.76875,7.2675
1/6/19 00:00,21.61125,48.5775,14.535,83.95875,14.34375
1/5/20 00:00,11.8575,9.5625,7.45875,20.2725,4.59
1/5/20 01:00,11.475,6.5025,8.7975,11.28375,3.63375
1/5/20 02:00,12.6225,8.0325,6.885,18.16875,2.86875
1/5/20 03:00,15.49125,6.31125,5.16375,21.22875,3.06
1/5/20 04:00,15.49125,10.51875,7.07625,15.6825,4.9725
1/5/20 05:00,9.75375,7.07625,13.005,27.34875,7.84125
1/5/20 06:00,11.66625,10.13625,13.005,35.19,8.415
1/5/20 07:00,10.51875,8.60625,19.31625,31.17375,10.3275
1/5/20 08:00,6.12,8.7975,12.81375,21.8025,9.5625
1/5/20 09:00,5.54625,6.69375,13.005,19.31625,6.5025
1/5/20 10:00,4.9725,6.69375,11.28375,16.065,4.78125
1/5/20 11:00,4.9725,5.16375,8.22375,16.4475,4.2075
1/5/20 12:00,4.01625,5.92875,8.415,15.10875,5.54625
1/5/20 13:00,3.4425,7.65,8.0325,21.22875,5.54625
1/5/20 14:00,4.39875,7.45875,7.65,19.5075,5.7375
1/5/20 15:00,4.78125,12.04875,10.3275,25.245,4.39875
1/5/20 16:00,6.885,22.95,8.22375,23.14125,8.22375
1/5/20 17:00,5.54625,16.63875,7.45875,28.305,11.475
1/5/20 18:00,6.69375,14.72625,8.60625,22.5675,5.7375
1/5/20 19:00,8.22375,10.13625,10.3275,19.89,4.78125
1/5/20 20:00,12.81375,16.63875,11.28375,22.75875,7.07625
1/5/20 21:00,16.25625,11.8575,9.945,20.08125,5.54625
1/5/20 22:00,10.3275,11.66625,9.5625,26.96625,4.01625
1/5/20 23:00,11.28375,8.415,7.45875,24.0975,3.825
2/5/20 00:00,7.2675,6.31125,4.59,16.25625,3.25125
2/5/20 01:00,4.59,6.885,8.60625,16.4475,2.295
2/5/20 02:00,4.59,4.78125,4.2075,12.6225,2.48625
2/5/20 03:00,5.355,4.2075,4.39875,15.3,1.72125
2/5/20 04:00,2.10375,3.25125,7.84125,11.0925,2.10375
2/5/20 05:00,3.25125,6.885,7.2675,13.005,6.69375
2/5/20 06:00,4.78125,8.22375,15.6825,18.55125,7.07625
2/5/20 07:00,8.60625,10.51875,9.945,14.34375,4.39875
2/5/20 08:00,6.12,11.28375,8.60625,28.87875,2.6775
2/5/20 09:00,4.59,15.10875,7.2675,18.55125,2.48625
2/5/20 10:00,3.4425,17.78625,9.37125,16.83,2.48625
2/5/20 11:00,3.06,18.7425,5.355,23.52375,3.63375
2/5/20 12:00,2.86875,12.81375,5.92875,18.16875,3.825
2/5/20 13:00,2.295,19.31625,6.12,17.595,2.48625
2/5/20 14:00,2.86875,13.005,7.84125,15.6825,4.59
2/5/20 15:00,2.86875,21.61125,6.5025,11.475,3.4425
2/5/20 16:00,3.825,26.96625,5.355,13.3875,5.7375
2/5/20 17:00,4.78125,17.9775,5.16375,8.60625,7.45875
2/5/20 18:00,4.2075,11.66625,4.01625,7.07625,5.92875
2/5/20 19:00,4.39875,16.065,5.54625,7.45875,7.2675
2/5/20 20:00,6.12,19.125,9.37125,8.98875,10.90125
2/5/20 21:00,15.10875,43.2225,13.3875,17.02125,16.4475
2/5/20 22:00,13.3875,43.9875,25.05375,44.17875,17.9775
2/5/20 23:00,21.0375,44.7525,38.82375,50.8725,28.305
3/5/20 00:00,16.63875,39.97125,23.90625,50.49,25.43625
3/5/20 01:00,17.2125,36.14625,16.25625,38.44125,18.55125
3/5/20 02:00,12.81375,27.73125,13.3875,25.6275,12.04875
3/5/20 03:00,12.24,21.99375,10.71,24.67125,8.98875
3/5/20 04:00,10.51875,23.90625,12.81375,17.40375,9.5625
3/5/20 05:00,14.9175,29.07,16.065,27.73125,13.005
3/5/20 06:00,16.63875,28.49625,16.25625,20.2725,14.535
3/5/20 07:00,14.9175,36.91125,16.4475,27.73125,18.36
3/5/20 08:00,17.02125,24.28875,18.16875,34.8075,14.72625
3/5/20 09:00,11.475,14.34375,7.45875,13.77,4.78125
3/5/20 10:00,3.825,7.2675,5.355,13.19625,2.48625
3/5/20 11:00,4.01625,8.98875,7.65,13.96125,2.295
3/5/20 12:00,5.92875,12.6225,8.0325,13.57875,3.4425
3/5/20 13:00,6.12,12.43125,8.0325,12.81375,3.25125
3/5/20 14:00,5.54625,14.1525,7.07625,9.75375,2.6775
3/5/20 15:00,5.92875,11.8575,7.45875,12.04875,3.63375
3/5/20 16:00,5.355,14.34375,8.415,9.75375,3.06
3/5/20 17:00,4.59,10.71,8.415,14.34375,2.48625
3/5/20 18:00,6.69375,14.34375,9.37125,17.595,2.86875
3/5/20 19:00,6.5025,19.31625,5.16375,8.60625,4.01625
3/5/20 20:00,5.92875,34.8075,8.98875,8.60625,7.2675
3/5/20 21:00,8.98875,48.76875,13.57875,10.90125,8.415
3/5/20 22:00,21.22875,51.255,11.475,20.84625,23.90625
3/5/20 23:00,28.305,45.32625,15.6825,57.375,18.7425
4/5/20 00:00,46.47375,19.89,16.83,25.43625,11.66625
4/5/20 01:00,16.25625,17.78625,4.78125,11.28375,9.37125
4/5/20 02:00,6.5025,19.31625,6.885,16.83,7.45875
4/5/20 03:00,4.59,15.49125,4.59,15.10875,5.355
4/5/20 04:00,6.69375,22.95,6.69375,26.01,8.7975
4/5/20 05:00,5.16375,31.17375,13.77,14.535,8.60625
4/5/20 06:00,12.81375,28.87875,18.36,43.2225,15.10875
4/5/20 07:00,16.25625,32.70375,17.78625,35.38125,12.81375
4/5/20 08:00,14.1525,23.3325,12.6225,27.9225,7.07625
4/5/20 09:00,9.18,12.6225,7.2675,9.945,2.6775
4/5/20 10:00,4.9725,13.3875,5.54625,13.57875,4.39875
4/5/20 11:00,3.25125,13.3875,4.78125,6.885,3.63375
4/5/20 12:00,3.4425,13.77,6.12,6.5025,3.4425
4/5/20 13:00,3.4425,13.005,5.92875,8.98875,3.825
4/5/20 14:00,3.825,15.87375,6.12,10.13625,2.6775
4/5/20 15:00,3.06,12.81375,7.84125,7.65,2.295
4/5/20 16:00,3.63375,14.9175,6.69375,8.60625,2.6775
4/5/20 17:00,3.25125,16.83,6.31125,7.2675,3.63375
4/5/20 18:00,3.63375,12.6225,6.69375,9.75375,4.78125
4/5/20 19:00,4.2075,15.6825,7.65,10.3275,4.39875
4/5/20 20:00,6.31125,17.02125,8.98875,9.37125,4.2075
4/5/20 21:00,7.07625,12.81375,6.885,8.60625,3.63375
4/5/20 22:00,5.92875,11.8575,11.28375,11.28375,3.06
4/5/20 23:00,9.5625,10.13625,20.655,14.1525,4.78125
5/5/20 00:00,17.2125,11.0925,11.475,30.02625,7.45875
5/5/20 01:00,15.87375,10.3275,5.7375,29.26125,5.355
5/5/20 02:00,6.885,10.13625,7.07625,36.14625,4.9725
5/5/20 03:00,9.945,8.60625,15.49125,18.16875,4.9725
5/5/20 04:00,15.49125,12.43125,15.87375,14.1525,3.825
5/5/20 05:00,11.475,18.7425,16.4475,21.42,3.825
5/5/20 06:00,14.9175,31.55625,6.885,30.40875,3.825
5/5/20 07:00,7.65,37.485,8.7975,23.90625,6.69375
5/5/20 08:00,6.12,32.895,6.885,28.11375,10.3275
5/5/20 09:00,7.65,49.53375,6.69375,23.715,11.475
5/5/20 10:00,6.885,0,9.37125,17.595,6.31125
5/5/20 11:00,10.51875,0,11.0925,17.02125,6.5025
5/5/20 12:00,9.75375,0,7.84125,23.14125,5.92875
5/5/20 13:00,9.75375,0,12.04875,16.63875,7.65
5/5/20 14:00,6.69375,0,10.51875,16.83,4.78125
5/5/20 15:00,6.69375,0,11.0925,16.065,7.45875
5/5/20 16:00,6.5025,0,19.31625,18.93375,6.5025
5/5/20 17:00,10.71,0,21.8025,28.11375,5.7375
5/5/20 18:00,22.95,0,11.475,24.67125,5.92875
5/5/20 19:00,13.57875,0,11.0925,20.84625,6.12
5/5/20 20:00,18.55125,0,9.945,21.22875,6.885
5/5/20 21:00,22.5675,0,13.19625,28.49625,5.7375
5/5/20 22:00,19.125,0,13.005,29.07,5.7375
5/5/20 23:00,17.02125,0,12.81375,17.2125,5.7375
6/5/20 00:00,16.4475,0,18.93375,43.605,6.5025
6/5/20 01:00,20.84625,0,22.75875,59.47875,8.0325
6/5/20 02:00,21.99375,0,25.43625,60.24375,9.18
6/5/20 03:00,17.2125,0,15.6825,37.29375,9.75375
6/5/20 04:00,12.24,0,9.75375,13.77,11.28375
6/5/20 05:00,11.28375,0,17.78625,11.66625,15.49125
6/5/20 06:00,9.18,0,21.99375,25.245,28.87875
6/5/20 07:00,11.66625,0,15.3,20.46375,24.67125
6/5/20 08:00,12.24,0,0,25.05375,13.57875
6/5/20 09:00,9.945,0,14.535,19.69875,13.3875
6/5/20 10:00,10.13625,0,11.66625,19.125,7.65
6/5/20 11:00,8.7975,0,11.28375,18.93375,6.12
6/5/20 12:00,7.65,0,10.13625,13.96125,6.885
6/5/20 13:00,5.92875,0,10.71,13.96125,9.5625
6/5/20 14:00,5.355,0,11.475,16.4475,6.5025
6/5/20 15:00,4.78125,0,9.18,14.34375,7.2675
6/5/20 16:00,4.59,28.305,8.415,19.31625,5.16375
6/5/20 17:00,6.5025,37.8675,8.7975,19.5075,5.16375
6/5/20 18:00,6.69375,36.52875,11.8575,21.99375,7.45875
6/5/20 19:00,7.45875,33.08625,13.57875,26.96625,5.92875
6/5/20 20:00,10.71,32.13,16.83,37.29375,8.7975
6/5/20 21:00,24.8625,31.17375,15.10875,21.8025,11.28375
6/5/20 22:00,22.75875,41.11875,10.71,21.61125,13.3875
6/5/20 23:00,11.475,25.05375,9.37125,17.78625,14.9175
7/5/20 00:00,6.31125,19.31625,6.69375,15.6825,10.3275
7/5/20 01:00,9.18,30.40875,7.45875,18.7425,9.18
7/5/20 02:00,12.43125,27.1575,13.19625,28.305,7.84125
7/5/20 03:00,11.66625,30.40875,26.20125,42.075,4.9725
7/5/20 04:00,11.8575,37.29375,15.6825,43.03125,7.65
7/5/20 05:00,11.66625,44.94375,24.28875,47.0475,16.83
7/5/20 06:00,11.28375,68.65875,53.9325,65.4075,22.37625
7/5/20 07:00,17.9775,87.21,55.08,68.4675,18.36
7/5/20 08:00,32.32125,88.93125,69.9975,69.04125,20.46375
7/5/20 09:00,30.02625,82.81125,34.0425,49.91625,22.5675
7/5/20 10:00,25.245,0,9.945,20.08125,14.72625
7/5/20 11:00,9.75375,0,10.71,11.475,20.08125
7/5/20 12:00,11.66625,0,8.415,12.04875,15.49125
7/5/20 13:00,10.3275,0,6.69375,13.96125,11.28375
7/5/20 14:00,8.22375,0,5.54625,11.28375,11.0925
7/5/20 15:00,6.5025,0,6.69375,12.04875,16.63875
7/5/20 16:00,5.355,0,6.69375,20.2725,14.1525
7/5/20 17:00,6.12,0,5.54625,11.475,13.57875
7/5/20 18:00,5.54625,0,4.78125,17.78625,11.0925
7/5/20 19:00,5.92875,0,5.16375,9.37125,10.71
7/5/20 20:00,5.16375,0,5.7375,12.6225,15.6825
7/5/20 21:00,6.69375,0,7.45875,17.40375,23.715
7/5/20 22:00,7.07625,0,8.7975,25.245,14.535
7/5/20 23:00,4.9725,0,6.69375,27.73125,13.57875
8/5/20 00:00,3.63375,0,8.60625,35.76375,5.54625
8/5/20 01:00,3.63375,0,3.63375,33.2775,3.25125
8/5/20 02:00,3.06,0,3.4425,18.16875,3.63375
8/5/20 03:00,2.10375,0,2.48625,17.9775,3.25125
8/5/20 04:00,2.48625,0,5.355,25.245,4.2075
8/5/20 05:00,3.4425,0,12.81375,42.4575,5.16375
8/5/20 06:00,4.78125,0,34.0425,49.15125,9.37125
8/5/20 07:00,12.81375,0,39.3975,51.06375,15.10875
8/5/20 08:00,19.89,0,30.02625,48.195,7.65
8/5/20 09:00,12.04875,0,29.64375,25.05375,7.84125
8/5/20 10:00,7.65,0,18.55125,24.48,10.13625
8/5/20 11:00,9.945,0,12.81375,15.6825,16.63875
8/5/20 12:00,2.48625,0,12.24,15.10875,9.75375
8/5/20 13:00,2.6775,0,10.71,0,8.0325
8/5/20 14:00,2.6775,0,11.8575,12.6225,6.5025
8/5/20 15:00,2.10375,0,11.0925,12.43125,6.69375
8/5/20 16:00,2.295,0,11.475,14.72625,8.60625
8/5/20 17:00,2.6775,0,11.475,16.25625,8.22375
8/5/20 18:00,3.25125,0,14.535,19.31625,8.22375
8/5/20 19:00,5.355,0,13.96125,33.2775,8.0325
8/5/20 20:00,11.0925,0,15.3,49.725,10.90125
8/5/20 21:00,14.535,0,20.08125,54.88875,8.60625
8/5/20 22:00,23.52375,0,30.79125,33.46875,7.07625
8/5/20 23:00,9.75375,0,21.99375,36.3375,14.34375
9/5/20 00:00,10.13625,0,12.6225,16.63875,9.945
9/5/20 01:00,10.51875,0,10.71,14.72625,13.57875
9/5/20 02:00,5.54625,0,11.66625,20.2725,8.98875
9/5/20 03:00,10.90125,0,10.3275,31.7475,10.13625
9/5/20 04:00,10.3275,0,11.475,21.99375,10.3275
9/5/20 05:00,7.2675,0,18.93375,38.25,13.3875
9/5/20 06:00,6.885,0,21.99375,32.70375,15.10875
9/5/20 07:00,5.54625,0,31.365,43.03125,12.6225
9/5/20 08:00,9.18,0,37.8675,32.5125,13.19625
9/5/20 09:00,9.945,0,28.305,31.7475,6.31125
9/5/20 10:00,11.0925,0,21.22875,30.79125,7.07625
9/5/20 11:00,6.12,0,14.535,26.20125,4.01625
9/5/20 12:00,4.59,0,27.34875,30.9825,3.4425
9/5/20 13:00,8.60625,0,30.40875,22.5675,4.01625
9/5/20 14:00,7.07625,0,20.655,25.245,4.39875
9/5/20 15:00,4.9725,0,21.22875,19.5075,3.63375
9/5/20 16:00,6.885,0,22.75875,18.7425,4.39875
9/5/20 17:00,6.5025,0,27.54,20.46375,4.39875
9/5/20 18:00,6.12,0,33.85125,32.5125,3.63375
9/5/20 19:00,9.5625,0,18.36,26.775,4.01625
9/5/20 20:00,6.31125,0,19.31625,27.34875,9.75375
9/5/20 21:00,9.5625,0,25.81875,62.73,18.93375
9/5/20 22:00,9.37125,0,30.02625,25.6275,18.7425
9/5/20 23:00,13.57875,0,35.955,51.82875,10.71
10/5/20 00:00,11.28375,0,16.4475,16.25625,8.415
10/5/20 01:00,5.54625,0,6.5025,5.54625,4.78125
10/5/20 02:00,1.9125,0,8.22375,14.535,4.2075
10/5/20 03:00,1.33875,0,6.69375,7.07625,10.51875
10/5/20 04:00,1.33875,0,7.45875,10.51875,5.54625
10/5/20 05:00,0.765,0,7.07625,3.63375,12.04875
10/5/20 06:00,0.765,0,5.92875,5.92875,8.7975
10/5/20 07:00,0.95625,0,6.31125,8.98875,2.48625
10/5/20 08:00,1.72125,0,4.78125,17.9775,1.9125
10/5/20 09:00,1.72125,0,3.825,7.07625,1.9125
10/5/20 10:00,1.1475,0,5.355,6.12,2.10375
10/5/20 11:00,1.33875,0,5.7375,7.07625,1.53
10/5/20 12:00,0.95625,0,6.12,4.78125,1.9125
10/5/20 13:00,0.57375,0,5.7375,5.16375,1.72125
10/5/20 14:00,0.57375,0,6.31125,7.2675,2.10375
10/5/20 15:00,0.57375,0,6.31125,4.78125,1.72125
10/5/20 16:00,0.95625,0,6.12,5.7375,2.48625
10/5/20 17:00,0.95625,0,6.12,5.16375,2.6775
10/5/20 18:00,0.765,0,5.92875,5.92875,2.6775
10/5/20 19:00,1.1475,0,6.12,6.12,2.6775
10/5/20 20:00,0.95625,0,6.12,6.12,2.10375
10/5/20 21:00,0.765,0,6.31125,6.5025,1.72125
10/5/20 22:00,0.765,0,4.78125,8.0325,1.33875
10/5/20 23:00,0.3825,0,3.825,3.4425,0.95625
11/5/20 00:00,0.19125,0,2.295,2.86875,0.57375
11/5/20 01:00,-0.19125,0,2.295,2.6775,0.57375
11/5/20 02:00,-0.19125,0,1.9125,2.295,0.765
11/5/20 03:00,-0.19125,0,1.72125,2.10375,0.95625
11/5/20 04:00,0,0,3.825,3.06,0.765
11/5/20 05:00,0,0,6.69375,9.37125,2.295
11/5/20 06:00,0.3825,0,8.98875,11.0925,3.25125
11/5/20 07:00,0.765,0,8.7975,12.43125,18.7425
11/5/20 08:00,0.95625,0,11.66625,13.57875,12.81375
11/5/20 09:00,0.765,0,9.5625,16.065,5.54625
11/5/20 10:00,0.765,0,7.65,15.3,4.59
11/5/20 11:00,2.48625,0,8.0325,22.5675,3.4425
11/5/20 12:00,0.765,0,9.5625,15.3,2.6775
11/5/20 13:00,0.765,0,11.66625,13.19625,2.86875
11/5/20 14:00,0.57375,0,9.945,8.98875,3.25125
11/5/20 15:00,0.765,0,12.24,8.7975,3.825
11/5/20 16:00,1.1475,0,10.71,12.43125,3.63375
11/5/20 17:00,1.53,0,9.18,14.535,3.4425
11/5/20 18:00,0.95625,0,9.18,9.75375,3.25125
11/5/20 19:00,1.33875,0,9.75375,14.535,2.6775
11/5/20 20:00,1.1475,0,11.8575,25.05375,4.59
11/5/20 21:00,2.295,0,13.3875,23.14125,7.07625
11/5/20 22:00,4.2075,0,26.20125,44.17875,15.87375
11/5/20 23:00,13.57875,0,39.3975,38.25,7.65
12/5/20 00:00,13.3875,0,28.11375,31.365,6.885
12/5/20 01:00,7.65,0,9.5625,21.0375,7.65
12/5/20 02:00,1.53,0,6.5025,14.535,6.5025
12/5/20 03:00,0.95625,0,8.0325,12.6225,2.6775
12/5/20 04:00,2.295,0,10.3275,30.79125,3.63375
12/5/20 05:00,4.2075,0,28.11375,32.895,3.63375
12/5/20 06:00,8.415,0,32.5125,48.96,6.885
12/5/20 07:00,8.0325,0,25.05375,51.82875,8.22375
12/5/20 08:00,4.59,0,15.87375,42.075,6.31125
12/5/20 09:00,3.63375,0,15.3,32.32125,6.12
12/5/20 10:00,1.72125,0,15.6825,26.01,3.25125
12/5/20 11:00,1.33875,0,17.595,25.05375,2.10375
12/5/20 12:00,0,0,18.36,35.38125,2.48625
12/5/20 13:00,4.59,0,12.24,19.5075,3.06
12/5/20 14:00,3.4425,0,18.36,26.01,3.63375
12/5/20 15:00,4.2075,0,14.1525,31.365,2.48625
12/5/20 16:00,4.59,0,11.8575,33.2775,2.48625
12/5/20 17:00,4.9725,0,8.60625,34.8075,2.86875
12/5/20 18:00,4.9725,0,11.0925,20.84625,4.01625
12/5/20 19:00,4.78125,0,7.45875,14.535,8.0325
12/5/20 20:00,5.16375,0,6.5025,24.48,6.5025
12/5/20 21:00,14.1525,0,10.51875,23.3325,8.415
12/5/20 22:00,16.63875,0,12.24,52.97625,9.945
12/5/20 23:00,10.13625,0,8.0325,53.35875,5.16375
13/5/20 00:00,7.07625,0,5.92875,30.2175,3.06
13/5/20 01:00,5.7375,0,4.78125,14.72625,3.06
13/5/20 02:00,5.16375,0,4.39875,8.22375,3.06
13/5/20 03:00,6.885,0,4.59,9.18,4.59
13/5/20 04:00,5.355,0,6.69375,14.9175,6.31125
13/5/20 05:00,7.45875,0,9.75375,28.305,1.9125
13/5/20 06:00,4.39875,0,11.28375,35.5725,4.39875
13/5/20 07:00,5.54625,0,18.93375,28.49625,6.5025
13/5/20 08:00,5.16375,0,22.95,26.775,7.84125
13/5/20 09:00,7.07625,0,23.14125,23.14125,4.59
13/5/20 10:00,5.54625,0,9.37125,10.71,4.78125
13/5/20 11:00,4.59,0,13.3875,17.595,5.16375
13/5/20 12:00,5.7375,0,10.90125,12.24,4.9725
13/5/20 13:00,3.06,0,9.37125,10.51875,4.01625
13/5/20 14:00,3.25125,0,9.5625,17.595,3.06
13/5/20 15:00,3.06,0,8.98875,13.005,3.4425
13/5/20 16:00,2.86875,0,9.75375,9.75375,2.48625
13/5/20 17:00,2.86875,0,8.60625,9.945,2.48625
13/5/20 18:00,3.06,0,9.75375,12.43125,3.06
13/5/20 19:00,3.06,0,8.7975,18.7425,3.4425
13/5/20 20:00,4.01625,0,11.28375,14.1525,4.59
13/5/20 21:00,6.5025,0,14.1525,21.42,8.415
13/5/20 22:00,12.24,0,26.96625,33.66,9.18
13/5/20 23:00,20.08125,0,37.67625,44.17875,11.475
14/5/20 00:00,33.85125,0,23.52375,33.46875,10.90125
14/5/20 01:00,58.905,0,34.61625,32.895,7.84125
14/5/20 02:00,52.02,0,42.075,47.23875,6.31125
14/5/20 03:00,39.58875,0,24.48,41.50125,6.12
14/5/20 04:00,21.0375,0,30.9825,36.14625,8.0325
14/5/20 05:00,26.01,0,38.44125,43.03125,8.60625
14/5/20 06:00,29.4525,0,34.23375,41.31,13.77
14/5/20 07:00,28.11375,0,43.79625,40.545,15.10875
14/5/20 08:00,34.23375,0,37.8675,40.545,12.6225
14/5/20 09:00,24.0975,0,25.81875,29.64375,7.2675
14/5/20 10:00,10.90125,0,17.02125,23.14125,3.4425
14/5/20 11:00,7.45875,0,15.10875,14.72625,4.9725
14/5/20 12:00,4.9725,0,14.535,25.43625,4.59
14/5/20 13:00,4.39875,0,13.96125,22.75875,5.54625
14/5/20 14:00,3.825,0,16.63875,23.14125,4.78125
14/5/20 15:00,7.65,0,13.19625,23.52375,4.9725
14/5/20 16:00,10.71,0,9.75375,17.595,4.01625
14/5/20 17:00,5.92875,0,13.57875,22.5675,4.59
14/5/20 18:00,6.885,0,13.005,19.5075,8.98875
14/5/20 19:00,7.84125,0,13.005,20.08125,8.22375
14/5/20 20:00,10.71,0,12.81375,17.595,9.18
14/5/20 21:00,11.66625,0,13.57875,12.24,12.43125
14/5/20 22:00,16.25625,0,17.40375,15.49125,32.32125
14/5/20 23:00,19.5075,0,34.8075,61.5825,21.61125
15/5/20 00:00,31.17375,0,42.84,56.80125,18.16875
15/5/20 01:00,44.17875,0,47.8125,45.32625,10.90125
15/5/20 02:00,36.52875,0,15.10875,37.8675,6.69375
15/5/20 03:00,12.81375,0,8.60625,20.08125,4.39875
15/5/20 04:00,11.0925,0,9.18,21.22875,5.54625
15/5/20 05:00,8.60625,0,18.55125,40.1625,3.63375
15/5/20 06:00,15.10875,0,28.49625,41.50125,4.59
15/5/20 07:00,14.34375,0,28.305,49.3425,8.60625
15/5/20 08:00,16.4475,0,23.3325,42.26625,8.22375
15/5/20 09:00,16.065,0,15.3,34.61625,4.01625
15/5/20 10:00,6.31125,0,10.51875,25.245,3.25125
15/5/20 11:00,5.355,0,15.10875,27.34875,4.2075
15/5/20 12:00,5.54625,0,17.595,32.13,3.4425
15/5/20 13:00,6.885,0,17.78625,34.0425,3.63375
15/5/20 14:00,4.59,0,13.77,29.26125,4.9725
15/5/20 15:00,7.2675,0,13.77,31.55625,3.63375
15/5/20 16:00,5.16375,0,11.66625,34.425,3.4425
15/5/20 17:00,5.92875,0,8.60625,36.91125,4.01625
15/5/20 18:00,6.12,0,13.96125,34.99875,4.2075
15/5/20 19:00,9.37125,0,11.28375,30.79125,5.16375
15/5/20 20:00,8.415,0,13.3875,38.82375,4.78125
15/5/20 21:00,11.475,0,16.63875,37.1025,9.37125
15/5/20 22:00,12.04875,0,13.77,34.8075,8.22375
15/5/20 23:00,10.90125,0,11.8575,35.5725,6.31125
16/5/20 00:00,10.71,0,6.12,21.0375,5.92875
16/5/20 01:00,5.92875,0,5.355,17.595,4.01625
16/5/20 02:00,5.355,0,4.78125,14.9175,2.6775
16/5/20 03:00,4.2075,0,8.7975,24.0975,2.10375
16/5/20 04:00,7.07625,0,9.5625,36.14625,2.295
16/5/20 05:00,16.065,0,10.51875,36.3375,2.6775
16/5/20 06:00,10.3275,0,12.04875,33.66,4.9725
16/5/20 07:00,9.5625,0,11.475,26.01,5.92875
16/5/20 08:00,5.92875,0,7.84125,21.8025,5.92875
16/5/20 09:00,3.825,0,8.22375,14.9175,3.06
16/5/20 10:00,3.25125,0,6.5025,14.34375,2.48625
16/5/20 11:00,2.6775,0,6.5025,15.87375,2.10375
16/5/20 12:00,2.48625,0,10.3275,26.3925,2.86875
16/5/20 13:00,2.86875,0,7.2675,15.6825,2.6775
16/5/20 14:00,2.86875,0,6.5025,14.72625,2.6775
16/5/20 15:00,3.06,0,6.885,12.43125,3.06
16/5/20 16:00,2.48625,0,6.12,11.8575,3.25125
16/5/20 17:00,3.25125,0,7.84125,24.28875,3.4425
16/5/20 18:00,6.12,0,8.7975,33.46875,4.01625
16/5/20 19:00,7.2675,0,9.18,31.93875,4.2075
16/5/20 20:00,6.31125,0,9.18,41.50125,5.7375
16/5/20 21:00,6.31125,0,11.66625,25.43625,7.84125
16/5/20 22:00,12.81375,0,7.2675,19.89,4.01625
16/5/20 23:00,9.18,0,7.07625,16.83,3.825
17/5/20 00:00,8.22375,0,4.78125,12.43125,4.01625
17/5/20 01:00,4.9725,0,3.63375,10.13625,3.63375
17/5/20 02:00,4.9725,0,3.06,4.01625,3.4425
17/5/20 03:00,2.6775,0,2.10375,7.45875,2.295
17/5/20 04:00,2.48625,0,1.9125,4.78125,4.39875
17/5/20 05:00,2.295,0,1.9125,3.25125,4.2075
17/5/20 06:00,3.825,0,2.10375,11.475,3.63375
17/5/20 07:00,2.295,0,2.10375,7.45875,5.54625
17/5/20 08:00,1.9125,0,2.6775,4.9725,3.825
17/5/20 09:00,1.72125,0,3.63375,4.39875,2.48625
17/5/20 10:00,2.10375,0,3.825,6.5025,2.6775
17/5/20 11:00,2.48625,0,3.25125,4.78125,2.48625
17/5/20 12:00,2.295,0,4.39875,0,2.48625
17/5/20 13:00,2.295,0,4.01625,4.9725,2.48625
17/5/20 14:00,2.10375,0,4.2075,9.945,2.48625
17/5/20 15:00,2.6775,0,3.63375,8.7975,3.25125
17/5/20 16:00,2.86875,0,6.12,9.5625,3.06
17/5/20 17:00,4.01625,0,5.92875,12.81375,3.4425
17/5/20 18:00,3.63375,0,4.59,8.22375,3.825
17/5/20 19:00,4.01625,0,6.69375,14.1525,5.92875
17/5/20 20:00,5.54625,0,5.16375,12.04875,10.3275
17/5/20 21:00,5.16375,0,4.9725,13.19625,4.78125
17/5/20 22:00,5.7375,0,3.25125,7.65,6.31125
17/5/20 23:00,4.01625,0,2.48625,7.2675,4.2075
18/5/20 00:00,2.6775,0,2.295,6.12,2.6775
18/5/20 01:00,2.10375,0,2.10375,4.78125,2.6775
18/5/20 02:00,1.9125,0,1.33875,2.48625,3.825
18/5/20 03:00,1.72125,0,1.1475,3.825,1.9125
18/5/20 04:00,1.53,0,1.1475,4.78125,1.9125
18/5/20 05:00,1.72125,0,5.54625,15.49125,6.31125
18/5/20 06:00,3.25125,0,7.2675,30.6,7.65
18/5/20 07:00,6.31125,0,11.0925,39.20625,10.13625
18/5/20 08:00,9.37125,0,12.04875,40.1625,13.77
18/5/20 09:00,11.475,0,9.945,28.11375,13.005
18/5/20 10:00,10.3275,0,13.57875,21.42,9.18
18/5/20 11:00,9.18,0,8.22375,31.17375,9.37125
18/5/20 12:00,9.5625,0,11.66625,25.245,8.60625
18/5/20 13:00,8.22375,0,10.3275,19.89,8.60625
18/5/20 14:00,11.0925,0,15.10875,28.87875,11.28375
18/5/20 15:00,8.7975,0,12.43125,31.17375,9.18
18/5/20 16:00,9.75375,0,11.0925,33.46875,9.37125
18/5/20 17:00,12.24,0,9.75375,30.40875,12.04875
18/5/20 18:00,9.37125,0,7.2675,15.10875,10.90125
18/5/20 19:00,8.0325,0,6.69375,10.13625,10.90125
18/5/20 20:00,5.92875,0,7.07625,12.04875,8.7975
18/5/20 21:00,7.07625,0,5.54625,10.13625,7.65
18/5/20 22:00,6.69375,0,4.78125,8.60625,5.54625
18/5/20 23:00,5.355,0,3.4425,9.37125,5.7375
19/5/20 00:00,3.825,0,2.48625,6.12,5.16375
19/5/20 01:00,2.10375,0,1.9125,4.59,3.4425
19/5/20 02:00,1.9125,0,1.53,3.4425,1.9125
19/5/20 03:00,1.9125,0,1.53,5.54625,1.53
19/5/20 04:00,1.9125,0,1.72125,4.78125,1.9125
19/5/20 05:00,1.53,0,4.78125,13.005,2.295
19/5/20 06:00,2.48625,0,13.57875,27.73125,4.01625
19/5/20 07:00,4.78125,0,14.72625,31.93875,4.78125
19/5/20 08:00,7.2675,0,14.535,30.02625,5.7375
19/5/20 09:00,7.65,0,13.77,27.34875,7.07625
19/5/20 10:00,5.54625,0,14.9175,23.715,5.16375
19/5/20 11:00,4.59,0,15.3,24.28875,5.92875
19/5/20 12:00,6.31125,0,22.185,21.61125,6.31125
19/5/20 13:00,5.16375,0,15.10875,23.52375,7.65
19/5/20 14:00,4.78125,0,17.40375,22.5675,12.04875
19/5/20 15:00,3.4425,9.945,14.535,17.78625,17.40375
19/5/20 16:00,4.2075,13.96125,12.24,26.775,14.9175
19/5/20 17:00,7.84125,11.0925,11.8575,17.02125,12.6225
19/5/20 18:00,5.7375,6.12,21.0375,31.17375,9.5625
19/5/20 19:00,15.87375,4.78125,42.26625,50.68125,7.2675
19/5/20 20:00,44.7525,7.07625,34.8075,35.955,7.2675
19/5/20 21:00,25.43625,3.25125,43.79625,41.88375,6.31125
19/5/20 22:00,18.93375,2.10375,22.75875,38.6325,10.90125
19/5/20 23:00,9.5625,0.95625,4.59,12.43125,15.10875
20/5/20 00:00,13.19625,0,6.69375,22.5675,16.25625
20/5/20 01:00,6.12,1.33875,4.01625,20.08125,8.60625
20/5/20 02:00,5.7375,0.95625,9.75375,39.3975,6.69375
20/5/20 03:00,7.2675,0,8.98875,31.7475,8.0325
20/5/20 04:00,8.415,-0.57375,9.5625,36.91125,15.3
20/5/20 05:00,11.28375,-0.19125,15.87375,40.9275,12.81375
20/5/20 06:00,12.6225,3.25125,19.69875,36.52875,19.31625
20/5/20 07:00,21.61125,10.13625,34.8075,35.5725,29.4525
20/5/20 08:00,20.84625,5.16375,23.52375,38.44125,20.655
20/5/20 09:00,10.3275,2.86875,21.61125,29.64375,16.065
20/5/20 10:00,7.2675,6.12,25.05375,21.0375,17.2125
20/5/20 11:00,8.22375,7.84125,23.52375,25.05375,11.475
20/5/20 12:00,13.19625,6.885,17.02125,20.2725,9.37125
20/5/20 13:00,12.6225,8.7975,19.89,19.125,7.2675
20/5/20 14:00,11.28375,6.12,23.52375,29.07,6.12
20/5/20 15:00,6.31125,1.72125,14.1525,26.775,9.945
20/5/20 16:00,5.92875,1.72125,11.475,26.96625,10.3275
20/5/20 17:00,7.2675,2.295,5.7375,10.3275,11.8575
20/5/20 18:00,7.2675,1.72125,6.12,15.6825,7.84125
20/5/20 19:00,6.12,0.765,11.8575,12.04875,8.0325
20/5/20 20:00,5.7375,0,8.98875,22.95,12.24
20/5/20 21:00,8.0325,2.10375,12.24,7.07625,14.535
20/5/20 22:00,13.19625,3.25125,5.92875,9.945,16.63875
20/5/20 23:00,33.66,0.19125,12.81375,22.75875,7.45875
21/5/20 00:00,21.61125,-0.765,3.825,28.6875,7.84125
21/5/20 01:00,7.84125,-0.19125,3.06,7.65,5.355
21/5/20 02:00,3.63375,0.3825,3.25125,7.45875,4.01625
21/5/20 03:00,3.63375,-0.3825,4.59,14.72625,2.48625
21/5/20 04:00,5.16375,0.765,4.01625,14.535,2.86875
21/5/20 05:00,6.69375,0.765,11.66625,22.185,3.06
21/5/20 06:00,6.12,2.10375,16.065,33.85125,7.45875
21/5/20 07:00,6.69375,3.63375,17.40375,36.3375,5.92875
21/5/20 08:00,6.69375,2.48625,21.61125,35.19,5.54625
21/5/20 09:00,7.07625,4.39875,17.02125,29.64375,5.92875
21/5/20 10:00,5.355,7.65,17.595,26.20125,4.39875
21/5/20 11:00,4.01625,6.5025,15.6825,24.67125,6.5025
21/5/20 12:00,4.01625,2.86875,20.84625,31.7475,7.2675
21/5/20 13:00,4.39875,3.06,9.18,16.25625,12.43125
21/5/20 14:00,6.885,2.6775,7.45875,9.5625,11.0925
21/5/20 15:00,6.31125,5.16375,8.7975,13.3875,11.0925
21/5/20 16:00,6.31125,9.18,9.75375,15.10875,9.5625
21/5/20 17:00,7.45875,11.66625,13.96125,19.125,11.66625
21/5/20 18:00,12.04875,3.825,10.3275,17.02125,8.7975
21/5/20 19:00,10.71,6.69375,10.51875,17.2125,8.98875
21/5/20 20:00,8.0325,0.765,4.9725,9.5625,7.45875
21/5/20 21:00,5.7375,1.33875,4.9725,8.415,8.7975
21/5/20 22:00,6.12,0.57375,7.2675,13.77,13.005
21/5/20 23:00,7.07625,-0.19125,2.48625,6.12,8.415
22/5/20 00:00,2.10375,0.57375,1.53,5.355,3.825
22/5/20 01:00,2.10375,0,1.72125,4.59,3.25125
22/5/20 02:00,3.06,-0.19125,1.53,4.2075,3.25125
22/5/20 03:00,2.295,0,0.765,2.86875,2.6775
22/5/20 04:00,1.72125,-0.19125,0.765,4.01625,1.1475
22/5/20 05:00,1.72125,0.19125,4.01625,5.16375,1.53
22/5/20 06:00,3.25125,-0.19125,3.06,8.98875,3.4425
22/5/20 07:00,5.355,0.95625,3.06,14.34375,5.54625
22/5/20 08:00,5.7375,0,4.59,11.8575,4.59
22/5/20 09:00,4.78125,0,6.31125,13.19625,4.39875
22/5/20 10:00,5.16375,0,5.355,9.37125,4.39875
22/5/20 11:00,4.59,1.33875,10.51875,11.475,4.78125
22/5/20 12:00,4.2075,4.9725,8.22375,17.40375,4.59
22/5/20 13:00,4.9725,4.2075,7.45875,14.535,4.9725
22/5/20 14:00,4.39875,4.59,6.5025,15.3,4.01625
22/5/20 15:00,3.63375,8.22375,8.22375,19.5075,3.63375
22/5/20 16:00,4.78125,7.45875,7.07625,19.125,3.06
22/5/20 17:00,4.59,5.16375,4.9725,14.1525,3.63375
22/5/20 18:00,4.01625,4.78125,5.355,15.6825,3.06
22/5/20 19:00,4.2075,5.16375,4.9725,13.57875,2.48625
22/5/20 20:00,4.39875,2.6775,2.295,7.84125,3.25125
22/5/20 21:00,3.4425,2.10375,2.295,5.92875,2.295
22/5/20 22:00,3.25125,1.72125,5.92875,5.7375,4.2075
22/5/20 23:00,2.6775,0,1.1475,3.25125,2.10375
23/5/20 00:00,1.72125,1.33875,0.95625,2.48625,2.48625
23/5/20 01:00,1.33875,0.19125,0.57375,1.1475,1.1475
23/5/20 02:00,1.33875,-0.19125,0.765,4.59,1.33875
23/5/20 03:00,1.53,-0.3825,0.57375,4.01625,1.33875
23/5/20 04:00,1.33875,-0.3825,0.765,4.78125,2.10375
23/5/20 05:00,0.765,-0.19125,1.1475,3.825,1.33875
23/5/20 06:00,0.765,-0.19125,1.72125,4.01625,2.86875
23/5/20 07:00,1.53,2.6775,2.86875,9.75375,2.10375
23/5/20 08:00,2.48625,1.33875,4.78125,8.22375,1.72125
23/5/20 09:00,2.295,3.06,5.355,8.98875,2.10375
23/5/20 10:00,2.86875,2.10375,4.2075,9.75375,1.72125
23/5/20 11:00,2.295,2.86875,4.2075,9.5625,2.10375
23/5/20 12:00,2.295,1.9125,5.355,10.13625,1.9125
23/5/20 13:00,2.295,4.59,7.45875,13.57875,1.72125
23/5/20 14:00,2.48625,1.72125,5.7375,13.19625,1.9125
23/5/20 15:00,2.86875,3.4425,5.92875,9.37125,1.72125
23/5/20 16:00,2.6775,3.825,6.31125,15.49125,2.10375
23/5/20 17:00,3.4425,2.295,5.7375,13.96125,3.06
23/5/20 18:00,3.06,3.825,4.78125,13.3875,2.6775
23/5/20 19:00,4.59,4.2075,5.7375,11.28375,2.86875
23/5/20 20:00,4.9725,5.7375,4.59,12.43125,3.4425
23/5/20 21:00,4.2075,0.3825,3.63375,8.7975,3.825
23/5/20 22:00,3.4425,-0.57375,3.25125,8.22375,2.6775
23/5/20 23:00,2.6775,0.19125,2.48625,4.59,1.1475
24/5/20 00:00,1.72125,0.19125,2.10375,2.6775,0.95625
24/5/20 01:00,1.1475,0.3825,1.1475,0.95625,0.57375
24/5/20 02:00,1.1475,0,0.95625,0.3825,0.765
24/5/20 03:00,0.95625,-0.19125,0.57375,0,0.765
24/5/20 04:00,0.57375,0,0.765,0.57375,0.3825
24/5/20 05:00,1.53,0,1.33875,1.53,0.3825
24/5/20 06:00,4.78125,0.765,1.72125,4.78125,0.57375
24/5/20 07:00,1.53,1.53,1.9125,5.16375,0.765
24/5/20 08:00,1.33875,-0.19125,1.9125,7.84125,1.1475
24/5/20 09:00,2.295,1.33875,2.86875,6.12,1.72125
24/5/20 10:00,2.6775,1.33875,2.86875,7.07625,1.33875
24/5/20 11:00,1.72125,2.6775,4.01625,4.9725,1.53
24/5/20 12:00,1.9125,1.33875,5.54625,8.0325,1.72125
24/5/20 13:00,1.9125,1.53,5.355,6.885,1.53
24/5/20 14:00,1.9125,4.59,6.31125,9.75375,1.33875
24/5/20 15:00,1.9125,3.4425,5.16375,11.0925,1.72125
24/5/20 16:00,1.9125,3.25125,6.12,9.5625,1.9125
24/5/20 17:00,1.9125,2.86875,5.7375,16.065,2.48625
24/5/20 18:00,2.10375,4.9725,4.78125,22.95,2.295
24/5/20 19:00,2.6775,2.86875,7.2675,17.02125,2.10375
24/5/20 20:00,2.6775,2.86875,7.84125,26.20125,2.48625
24/5/20 21:00,5.16375,0.95625,10.71,26.01,4.01625
24/5/20 22:00,8.7975,1.1475,12.6225,33.85125,9.37125
24/5/20 23:00,8.7975,1.72125,10.51875,50.8725,7.2675
25/5/20 00:00,10.3275,1.1475,16.065,30.40875,4.9725
25/5/20 01:00,13.005,1.33875,12.24,41.31,4.39875
25/5/20 02:00,11.8575,1.53,7.65,27.9225,4.01625
25/5/20 03:00,15.3,0.3825,8.98875,30.9825,4.59
25/5/20 04:00,13.3875,2.6775,13.77,31.17375,7.2675
25/5/20 05:00,14.72625,3.825,23.715,31.365,12.81375
25/5/20 06:00,14.9175,8.60625,33.2775,40.35375,25.245
25/5/20 07:00,28.87875,3.25125,32.70375,47.0475,28.87875
25/5/20 08:00,17.78625,2.6775,10.71,38.05875,20.46375
25/5/20 09:00,7.2675,0.95625,9.75375,21.61125,8.0325
25/5/20 10:00,6.12,0.57375,9.18,21.61125,6.31125
25/5/20 11:00,6.12,2.48625,7.07625,23.3325,5.355
25/5/20 12:00,5.355,2.10375,8.0325,21.8025,6.5025
25/5/20 13:00,7.2675,1.33875,7.07625,16.25625,6.69375
25/5/20 14:00,5.355,2.295,6.5025,22.37625,4.01625
25/5/20 15:00,4.78125,0.57375,6.5025,14.9175,5.16375
25/5/20 16:00,3.4425,2.6775,5.355,27.73125,6.31125
25/5/20 17:00,5.92875,3.25125,6.31125,20.655,7.84125
25/5/20 18:00,5.355,-0.3825,5.7375,15.6825,6.885
25/5/20 19:00,5.16375,0.95625,5.355,14.72625,7.07625
25/5/20 20:00,4.59,1.72125,5.355,9.945,4.78125
25/5/20 21:00,5.16375,0,4.01625,9.37125,6.31125
25/5/20 22:00,6.31125,0.3825,4.59,9.75375,7.45875
25/5/20 23:00,5.7375,0,3.63375,11.28375,7.45875
26/5/20 00:00,4.2075,0.19125,2.86875,7.07625,7.2675
26/5/20 01:00,3.25125,0,2.10375,4.78125,4.78125
26/5/20 02:00,2.10375,-0.19125,1.9125,7.07625,2.48625
26/5/20 03:00,2.10375,0,2.6775,12.43125,2.48625
26/5/20 04:00,2.10375,-0.19125,3.825,14.1525,3.25125
26/5/20 05:00,2.295,1.33875,7.2675,23.52375,3.825
26/5/20 06:00,4.39875,3.63375,14.535,27.1575,7.65
26/5/20 07:00,5.7375,6.5025,14.9175,34.23375,4.9725
26/5/20 08:00,5.7375,8.22375,15.3,29.64375,6.5025
26/5/20 09:00,4.9725,7.84125,11.8575,25.43625,4.9725
26/5/20 10:00,5.7375,4.2075,20.46375,22.37625,2.48625
26/5/20 11:00,6.885,10.3275,12.6225,20.08125,2.295
26/5/20 12:00,4.9725,8.415,16.25625,27.54,4.9725
26/5/20 13:00,3.825,6.12,15.6825,20.46375,7.65
26/5/20 14:00,6.69375,8.98875,13.77,22.95,8.7975
26/5/20 15:00,10.13625,6.885,13.005,15.6825,9.945
26/5/20 16:00,7.07625,5.54625,13.96125,22.5675,13.005
26/5/20 17:00,8.22375,7.07625,11.475,15.10875,11.475
26/5/20 18:00,8.22375,11.28375,11.66625,16.83,9.18
26/5/20 19:00,9.945,5.16375,16.83,25.6275,9.18
26/5/20 20:00,17.2125,5.16375,17.2125,33.46875,7.45875
26/5/20 21:00,29.64375,4.39875,20.655,37.485,8.0325
26/5/20 22:00,42.64875,4.39875,25.6275,29.64375,14.1525
26/5/20 23:00,21.42,-0.19125,27.9225,35.19,13.77
27/5/20 00:00,14.1525,1.1475,20.46375,48.195,9.75375
27/5/20 01:00,16.83,1.9125,31.93875,40.73625,7.45875
27/5/20 02:00,16.63875,-0.19125,25.81875,45.9,4.9725
27/5/20 03:00,13.57875,-0.765,17.02125,32.70375,7.84125
27/5/20 04:00,14.9175,-0.95625,20.84625,25.6275,9.37125
27/5/20 05:00,18.16875,2.6775,25.245,37.29375,13.96125
27/5/20 06:00,10.71,5.16375,37.8675,47.43,20.08125
27/5/20 07:00,18.36,11.475,41.11875,52.59375,32.70375
27/5/20 08:00,25.43625,4.9725,41.50125,43.41375,19.125
27/5/20 09:00,33.08625,3.4425,43.41375,38.25,10.71
27/5/20 10:00,25.245,6.885,30.9825,30.40875,14.72625
27/5/20 11:00,26.01,6.69375,22.95,25.6275,14.9175
27/5/20 12:00,20.84625,6.31125,21.42,24.28875,10.90125
27/5/20 13:00,16.25625,7.07625,18.16875,22.37625,13.96125
27/5/20 14:00,14.535,5.7375,18.7425,21.0375,9.5625
27/5/20 15:00,11.0925,7.65,16.065,17.9775,8.98875
27/5/20 16:00,10.3275,8.22375,14.535,19.5075,9.75375
27/5/20 17:00,10.13625,6.69375,16.83,36.72,5.7375
27/5/20 18:00,10.90125,6.5025,15.10875,44.17875,8.60625
27/5/20 19:00,9.945,4.59,13.005,19.125,9.18
27/5/20 20:00,9.945,4.59,12.6225,17.9775,12.04875
27/5/20 21:00,10.3275,8.0325,11.8575,17.9775,14.9175
27/5/20 22:00,10.71,2.86875,11.66625,19.31625,11.0925
27/5/20 23:00,8.98875,1.9125,11.0925,17.78625,15.49125
28/5/20 00:00,14.9175,1.1475,8.22375,27.9225,14.72625
28/5/20 01:00,19.69875,1.1475,20.46375,29.835,17.2125
28/5/20 02:00,22.5675,-0.3825,20.655,33.08625,13.77
28/5/20 03:00,16.25625,2.295,23.90625,24.8625,9.37125
28/5/20 04:00,14.9175,1.1475,33.08625,24.8625,8.415
28/5/20 05:00,14.535,1.9125,39.78,32.5125,11.475
28/5/20 06:00,20.46375,10.90125,42.075,65.025,25.43625
28/5/20 07:00,40.1625,16.63875,33.2775,65.025,26.96625
28/5/20 08:00,45.32625,7.65,30.40875,56.61,12.24
28/5/20 09:00,41.50125,9.18,26.58375,47.62125,8.98875
28/5/20 10:00,32.32125,7.84125,22.5675,44.17875,7.45875
28/5/20 11:00,25.6275,10.13625,23.52375,25.245,13.57875
28/5/20 12:00,17.02125,7.45875,29.07,29.835,17.2125
28/5/20 13:00,17.02125,12.43125,32.895,33.46875,10.3275
28/5/20 14:00,23.3325,7.07625,28.6875,40.545,11.28375
28/5/20 15:00,21.61125,6.31125,18.16875,36.3375,13.77
28/5/20 16:00,15.3,10.90125,14.72625,35.38125,13.77
28/5/20 17:00,9.75375,6.12,11.66625,27.73125,17.595
28/5/20 18:00,9.18,8.7975,10.90125,22.37625,10.71
28/5/20 19:00,6.69375,0.95625,19.31625,31.17375,8.0325
28/5/20 20:00,24.0975,1.33875,20.84625,28.6875,11.28375
28/5/20 21:00,29.4525,2.295,18.7425,24.0975,10.51875
28/5/20 22:00,20.84625,1.53,18.16875,21.61125,20.2725
28/5/20 23:00,17.9775,2.48625,17.9775,33.85125,16.065
29/5/20 00:00,18.93375,1.53,36.14625,48.38625,13.57875
29/5/20 01:00,32.13,0.765,28.11375,50.29875,13.96125
29/5/20 02:00,26.775,0.95625,23.715,41.6925,20.655
29/5/20 03:00,21.42,-0.3825,27.9225,38.82375,26.3925
29/5/20 04:00,31.93875,0.57375,14.1525,40.73625,25.6275
29/5/20 05:00,12.81375,1.72125,27.73125,46.2825,28.11375
29/5/20 06:00,21.22875,5.54625,60.0525,77.83875,28.49625
29/5/20 07:00,37.67625,5.355,36.3375,53.9325,22.75875
29/5/20 08:00,34.425,6.12,13.57875,34.99875,19.69875
29/5/20 09:00,9.5625,1.1475,9.945,14.34375,13.57875
29/5/20 10:00,7.84125,2.10375,10.3275,10.71,11.66625
29/5/20 11:00,7.2675,16.4475,10.13625,15.49125,10.90125
29/5/20 12:00,8.98875,0,16.4475,17.9775,9.37125
29/5/20 13:00,8.22375,0,13.77,17.02125,11.475
29/5/20 14:00,11.8575,0,7.84125,16.25625,11.28375
29/5/20 15:00,10.13625,0,12.6225,21.8025,17.2125
29/5/20 16:00,9.75375,0,7.45875,17.2125,11.66625
29/5/20 17:00,8.7975,0,6.885,12.43125,12.6225
29/5/20 18:00,7.84125,0,8.0325,13.77,9.37125
29/5/20 19:00,7.2675,0,9.5625,16.63875,10.13625
29/5/20 20:00,8.0325,0,15.3,28.305,17.40375
29/5/20 21:00,13.005,0,15.3,14.535,13.77
29/5/20 22:00,13.77,0,13.77,11.8575,23.14125
29/5/20 23:00,14.1525,0,10.51875,9.18,40.1625
30/5/20 00:00,13.005,0,7.07625,6.885,32.32125
30/5/20 01:00,14.72625,0,6.69375,6.5025,27.34875
30/5/20 02:00,20.84625,0,29.835,80.13375,21.22875
30/5/20 03:00,18.7425,0,22.185,75.54375,21.42
30/5/20 04:00,21.42,0,22.5675,65.59875,19.69875
30/5/20 05:00,46.2825,0,16.4475,59.2875,17.2125
30/5/20 06:00,29.835,0,33.66,56.2275,23.52375
30/5/20 07:00,39.58875,0,55.4625,71.71875,19.89
30/5/20 08:00,40.545,0,46.665,55.845,9.945
30/5/20 09:00,45.70875,0,39.015,57.7575,9.18
30/5/20 10:00,39.58875,0,20.08125,26.775,11.28375
30/5/20 11:00,17.02125,0,12.81375,21.99375,9.945
30/5/20 12:00,9.75375,0,14.535,21.99375,11.8575
30/5/20 13:00,9.75375,0,12.04875,21.8025,9.37125
30/5/20 14:00,7.84125,0,13.96125,19.89,8.98875
30/5/20 15:00,10.71,0,16.4475,34.0425,7.65
30/5/20 16:00,11.66625,0,12.24,27.73125,6.69375
30/5/20 17:00,8.415,0,9.37125,18.93375,8.98875
30/5/20 18:00,7.07625,0,10.90125,23.52375,10.13625
30/5/20 19:00,8.415,0,10.90125,23.3325,8.22375
30/5/20 20:00,7.84125,0,10.90125,23.715,7.84125
30/5/20 21:00,10.51875,0,12.43125,40.9275,10.51875
30/5/20 22:00,15.49125,0,29.07,76.5,14.535
30/5/20 23:00,47.23875,0,34.61625,59.09625,16.065
31/5/20 00:00,35.955,0,31.55625,77.83875,9.5625
31/5/20 01:00,40.1625,0,26.20125,69.80625,9.5625
31/5/20 02:00,27.34875,0,27.1575,52.21125,0
31/5/20 03:00,23.3325,0,23.14125,21.22875,0
31/5/20 04:00,22.37625,0,13.96125,21.61125,0
31/5/20 05:00,17.78625,0,12.43125,15.87375,0
31/5/20 06:00,9.75375,0,8.22375,10.13625,0
31/5/20 07:00,7.84125,0,7.65,9.945,0
31/5/20 08:00,8.415,0,5.7375,8.415,0
31/5/20 09:00,5.92875,0,6.31125,11.8575,0
31/5/20 10:00,5.16375,0,6.5025,10.13625,0
31/5/20 11:00,5.7375,0,7.65,13.005,0
31/5/20 12:00,4.9725,0,20.2725,29.26125,0
31/5/20 13:00,13.005,0,16.83,18.93375,0
31/5/20 14:00,12.43125,0,14.535,15.10875,0
31/5/20 15:00,10.13625,0,16.25625,16.4475,0
31/5/20 16:00,8.7975,0,20.46375,14.9175,0
31/5/20 17:00,10.13625,0,28.305,26.3925,0
31/5/20 18:00,21.8025,0,23.14125,31.365,0
31/5/20 19:00,26.775,0,27.34875,21.0375,0
31/5/20 20:00,24.0975,0,24.67125,20.84625,0
31/5/20 21:00,27.1575,0,9.945,34.0425,0
31/5/20 22:00,8.0325,0,23.3325,20.2725,0
31/5/20 23:00,23.14125,0,30.6,74.205,0
1/6/20 00:00,40.545,0,33.08625,79.36875,0